lot_id,wafer_id,die_x,die_y,hard_bin,soft_bin,pass_flag
BASE,W1,1,14,1,1,1
BASE,W1,1,15,1,1,1
BASE,W1,1,16,1,1,1
BASE,W1,1,17,1,1,1
BASE,W1,1,18,1,1,1
BASE,W1,1,19,1,1,1
BASE,W1,1,20,1,1,1
BASE,W1,1,21,1,1,1
BASE,W1,1,22,8,81,0
BASE,W1,1,23,1,1,1
BASE,W1,1,24,1,1,1
BASE,W1,1,25,1,1,1
BASE,W1,2,11,1,1,1
BASE,W1,2,12,1,1,1
BASE,W1,2,13,1,1,1
BASE,W1,2,14,1,1,1
BASE,W1,2,15,1,1,1
BASE,W1,2,16,1,1,1
BASE,W1,2,17,1,1,1
BASE,W1,2,18,1,1,1
BASE,W1,2,19,1,1,1
BASE,W1,2,20,1,1,1
BASE,W1,2,21,1,1,1
BASE,W1,2,22,1,1,1
BASE,W1,2,23,1,1,1
BASE,W1,2,24,1,1,1
BASE,W1,2,25,1,1,1
BASE,W1,2,26,1,1,1
BASE,W1,2,27,1,1,1
BASE,W1,2,28,1,1,1
BASE,W1,3,10,1,1,1
BASE,W1,3,11,1,1,1
BASE,W1,3,12,1,1,1
BASE,W1,3,13,5,51,0
BASE,W1,3,14,1,1,1
BASE,W1,3,15,1,1,1
BASE,W1,3,16,1,1,1
BASE,W1,3,17,1,1,1
BASE,W1,3,18,1,1,1
BASE,W1,3,19,1,1,1
BASE,W1,3,20,1,1,1
BASE,W1,3,21,8,81,0
BASE,W1,3,22,1,1,1
BASE,W1,3,23,1,1,1
BASE,W1,3,24,1,1,1
BASE,W1,3,25,1,1,1
BASE,W1,3,26,1,1,1
BASE,W1,3,27,1,1,1
BASE,W1,3,28,1,1,1
BASE,W1,3,29,1,1,1
BASE,W1,4,8,1,1,1
BASE,W1,4,9,1,1,1
BASE,W1,4,10,1,1,1
BASE,W1,4,11,1,1,1
BASE,W1,4,12,1,1,1
BASE,W1,4,13,1,1,1
BASE,W1,4,14,1,1,1
BASE,W1,4,15,1,1,1
BASE,W1,4,16,1,1,1
BASE,W1,4,17,5,51,0
BASE,W1,4,18,1,1,1
BASE,W1,4,19,1,1,1
BASE,W1,4,20,1,1,1
BASE,W1,4,21,1,1,1
BASE,W1,4,22,1,1,1
BASE,W1,4,23,8,81,0
BASE,W1,4,24,1,1,1
BASE,W1,4,25,1,1,1
BASE,W1,4,26,1,1,1
BASE,W1,4,27,1,1,1
BASE,W1,4,28,1,1,1
BASE,W1,4,29,1,1,1
BASE,W1,4,30,1,1,1
BASE,W1,4,31,1,1,1
BASE,W1,5,7,1,1,1
BASE,W1,5,8,1,1,1
BASE,W1,5,9,1,1,1
BASE,W1,5,10,1,1,1
BASE,W1,5,11,1,1,1
BASE,W1,5,12,1,1,1
BASE,W1,5,13,1,1,1
BASE,W1,5,14,1,1,1
BASE,W1,5,15,1,1,1
BASE,W1,5,16,1,1,1
BASE,W1,5,17,1,1,1
BASE,W1,5,18,1,1,1
BASE,W1,5,19,1,1,1
BASE,W1,5,20,1,1,1
BASE,W1,5,21,1,1,1
BASE,W1,5,22,1,1,1
BASE,W1,5,23,1,1,1
BASE,W1,5,24,1,1,1
BASE,W1,5,25,1,1,1
BASE,W1,5,26,1,1,1
BASE,W1,5,27,1,1,1
BASE,W1,5,28,1,1,1
BASE,W1,5,29,1,1,1
BASE,W1,5,30,1,1,1
BASE,W1,5,31,1,1,1
BASE,W1,5,32,5,51,0
BASE,W1,6,6,1,1,1
BASE,W1,6,7,1,1,1
BASE,W1,6,8,1,1,1
BASE,W1,6,9,1,1,1
BASE,W1,6,10,1,1,1
BASE,W1,6,11,1,1,1
BASE,W1,6,12,1,1,1
BASE,W1,6,13,1,1,1
BASE,W1,6,14,1,1,1
BASE,W1,6,15,1,1,1
BASE,W1,6,16,1,1,1
BASE,W1,6,17,1,1,1
BASE,W1,6,18,1,1,1
BASE,W1,6,19,1,1,1
BASE,W1,6,20,1,1,1
BASE,W1,6,21,1,1,1
BASE,W1,6,22,1,1,1
BASE,W1,6,23,1,1,1
BASE,W1,6,24,1,1,1
BASE,W1,6,25,1,1,1
BASE,W1,6,26,1,1,1
BASE,W1,6,27,1,1,1
BASE,W1,6,28,1,1,1
BASE,W1,6,29,1,1,1
BASE,W1,6,30,1,1,1
BASE,W1,6,31,1,1,1
BASE,W1,6,32,1,1,1
BASE,W1,6,33,1,1,1
BASE,W1,7,5,1,1,1
BASE,W1,7,6,1,1,1
BASE,W1,7,7,1,1,1
BASE,W1,7,8,5,51,0
BASE,W1,7,9,5,51,0
BASE,W1,7,10,1,1,1
BASE,W1,7,11,1,1,1
BASE,W1,7,12,1,1,1
BASE,W1,7,13,1,1,1
BASE,W1,7,14,1,1,1
BASE,W1,7,15,1,1,1
BASE,W1,7,16,1,1,1
BASE,W1,7,17,1,1,1
BASE,W1,7,18,8,81,0
BASE,W1,7,19,1,1,1
BASE,W1,7,20,1,1,1
BASE,W1,7,21,1,1,1
BASE,W1,7,22,1,1,1
BASE,W1,7,23,1,1,1
BASE,W1,7,24,1,1,1
BASE,W1,7,25,1,1,1
BASE,W1,7,26,1,1,1
BASE,W1,7,27,1,1,1
BASE,W1,7,28,1,1,1
BASE,W1,7,29,1,1,1
BASE,W1,7,30,1,1,1
BASE,W1,7,31,1,1,1
BASE,W1,7,32,1,1,1
BASE,W1,7,33,1,1,1
BASE,W1,7,34,1,1,1
BASE,W1,8,4,1,1,1
BASE,W1,8,5,1,1,1
BASE,W1,8,6,1,1,1
BASE,W1,8,7,1,1,1
BASE,W1,8,8,1,1,1
BASE,W1,8,9,8,81,0
BASE,W1,8,10,1,1,1
BASE,W1,8,11,1,1,1
BASE,W1,8,12,1,1,1
BASE,W1,8,13,1,1,1
BASE,W1,8,14,1,1,1
BASE,W1,8,15,5,51,0
BASE,W1,8,16,1,1,1
BASE,W1,8,17,1,1,1
BASE,W1,8,18,1,1,1
BASE,W1,8,19,1,1,1
BASE,W1,8,20,1,1,1
BASE,W1,8,21,1,1,1
BASE,W1,8,22,1,1,1
BASE,W1,8,23,1,1,1
BASE,W1,8,24,1,1,1
BASE,W1,8,25,1,1,1
BASE,W1,8,26,1,1,1
BASE,W1,8,27,1,1,1
BASE,W1,8,28,1,1,1
BASE,W1,8,29,1,1,1
BASE,W1,8,30,1,1,1
BASE,W1,8,31,1,1,1
BASE,W1,8,32,1,1,1
BASE,W1,8,33,1,1,1
BASE,W1,8,34,1,1,1
BASE,W1,8,35,1,1,1
BASE,W1,9,4,1,1,1
BASE,W1,9,5,5,51,0
BASE,W1,9,6,1,1,1
BASE,W1,9,7,1,1,1
BASE,W1,9,8,1,1,1
BASE,W1,9,9,1,1,1
BASE,W1,9,10,1,1,1
BASE,W1,9,11,1,1,1
BASE,W1,9,12,1,1,1
BASE,W1,9,13,1,1,1
BASE,W1,9,14,1,1,1
BASE,W1,9,15,1,1,1
BASE,W1,9,16,1,1,1
BASE,W1,9,17,1,1,1
BASE,W1,9,18,5,51,0
BASE,W1,9,19,1,1,1
BASE,W1,9,20,1,1,1
BASE,W1,9,21,8,81,0
BASE,W1,9,22,1,1,1
BASE,W1,9,23,1,1,1
BASE,W1,9,24,1,1,1
BASE,W1,9,25,1,1,1
BASE,W1,9,26,1,1,1
BASE,W1,9,27,1,1,1
BASE,W1,9,28,1,1,1
BASE,W1,9,29,1,1,1
BASE,W1,9,30,1,1,1
BASE,W1,9,31,1,1,1
BASE,W1,9,32,1,1,1
BASE,W1,9,33,1,1,1
BASE,W1,9,34,1,1,1
BASE,W1,9,35,1,1,1
BASE,W1,10,3,1,1,1
BASE,W1,10,4,1,1,1
BASE,W1,10,5,1,1,1
BASE,W1,10,6,1,1,1
BASE,W1,10,7,1,1,1
BASE,W1,10,8,1,1,1
BASE,W1,10,9,1,1,1
BASE,W1,10,10,1,1,1
BASE,W1,10,11,1,1,1
BASE,W1,10,12,1,1,1
BASE,W1,10,13,1,1,1
BASE,W1,10,14,1,1,1
BASE,W1,10,15,1,1,1
BASE,W1,10,16,1,1,1
BASE,W1,10,17,1,1,1
BASE,W1,10,18,1,1,1
BASE,W1,10,19,1,1,1
BASE,W1,10,20,1,1,1
BASE,W1,10,21,1,1,1
BASE,W1,10,22,1,1,1
BASE,W1,10,23,1,1,1
BASE,W1,10,24,1,1,1
BASE,W1,10,25,1,1,1
BASE,W1,10,26,1,1,1
BASE,W1,10,27,1,1,1
BASE,W1,10,28,1,1,1
BASE,W1,10,29,1,1,1
BASE,W1,10,30,1,1,1
BASE,W1,10,31,1,1,1
BASE,W1,10,32,1,1,1
BASE,W1,10,33,1,1,1
BASE,W1,10,34,1,1,1
BASE,W1,10,35,1,1,1
BASE,W1,10,36,1,1,1
BASE,W1,11,2,1,1,1
BASE,W1,11,3,1,1,1
BASE,W1,11,4,1,1,1
BASE,W1,11,5,1,1,1
BASE,W1,11,6,1,1,1
BASE,W1,11,7,1,1,1
BASE,W1,11,8,1,1,1
BASE,W1,11,9,1,1,1
BASE,W1,11,10,1,1,1
BASE,W1,11,11,1,1,1
BASE,W1,11,12,8,81,0
BASE,W1,11,13,1,1,1
BASE,W1,11,14,1,1,1
BASE,W1,11,15,5,51,0
BASE,W1,11,16,1,1,1
BASE,W1,11,17,1,1,1
BASE,W1,11,18,1,1,1
BASE,W1,11,19,1,1,1
BASE,W1,11,20,1,1,1
BASE,W1,11,21,5,51,0
BASE,W1,11,22,1,1,1
BASE,W1,11,23,1,1,1
BASE,W1,11,24,1,1,1
BASE,W1,11,25,1,1,1
BASE,W1,11,26,1,1,1
BASE,W1,11,27,1,1,1
BASE,W1,11,28,1,1,1
BASE,W1,11,29,1,1,1
BASE,W1,11,30,1,1,1
BASE,W1,11,31,1,1,1
BASE,W1,11,32,1,1,1
BASE,W1,11,33,1,1,1
BASE,W1,11,34,5,51,0
BASE,W1,11,35,1,1,1
BASE,W1,11,36,1,1,1
BASE,W1,11,37,1,1,1
BASE,W1,12,2,1,1,1
BASE,W1,12,3,1,1,1
BASE,W1,12,4,1,1,1
BASE,W1,12,5,1,1,1
BASE,W1,12,6,1,1,1
BASE,W1,12,7,1,1,1
BASE,W1,12,8,1,1,1
BASE,W1,12,9,1,1,1
BASE,W1,12,10,8,81,0
BASE,W1,12,11,1,1,1
BASE,W1,12,12,1,1,1
BASE,W1,12,13,1,1,1
BASE,W1,12,14,1,1,1
BASE,W1,12,15,1,1,1
BASE,W1,12,16,5,51,0
BASE,W1,12,17,1,1,1
BASE,W1,12,18,1,1,1
BASE,W1,12,19,1,1,1
BASE,W1,12,20,1,1,1
BASE,W1,12,21,1,1,1
BASE,W1,12,22,1,1,1
BASE,W1,12,23,1,1,1
BASE,W1,12,24,5,51,0
BASE,W1,12,25,1,1,1
BASE,W1,12,26,1,1,1
BASE,W1,12,27,1,1,1
BASE,W1,12,28,1,1,1
BASE,W1,12,29,1,1,1
BASE,W1,12,30,1,1,1
BASE,W1,12,31,1,1,1
BASE,W1,12,32,1,1,1
BASE,W1,12,33,1,1,1
BASE,W1,12,34,1,1,1
BASE,W1,12,35,1,1,1
BASE,W1,12,36,1,1,1
BASE,W1,12,37,1,1,1
BASE,W1,13,2,1,1,1
BASE,W1,13,3,5,51,0
BASE,W1,13,4,1,1,1
BASE,W1,13,5,1,1,1
BASE,W1,13,6,1,1,1
BASE,W1,13,7,1,1,1
BASE,W1,13,8,1,1,1
BASE,W1,13,9,1,1,1
BASE,W1,13,10,1,1,1
BASE,W1,13,11,1,1,1
BASE,W1,13,12,1,1,1
BASE,W1,13,13,1,1,1
BASE,W1,13,14,1,1,1
BASE,W1,13,15,1,1,1
BASE,W1,13,16,1,1,1
BASE,W1,13,17,1,1,1
BASE,W1,13,18,1,1,1
BASE,W1,13,19,1,1,1
BASE,W1,13,20,1,1,1
BASE,W1,13,21,1,1,1
BASE,W1,13,22,1,1,1
BASE,W1,13,23,1,1,1
BASE,W1,13,24,1,1,1
BASE,W1,13,25,5,51,0
BASE,W1,13,26,1,1,1
BASE,W1,13,27,1,1,1
BASE,W1,13,28,1,1,1
BASE,W1,13,29,5,51,0
BASE,W1,13,30,1,1,1
BASE,W1,13,31,1,1,1
BASE,W1,13,32,1,1,1
BASE,W1,13,33,5,51,0
BASE,W1,13,34,1,1,1
BASE,W1,13,35,1,1,1
BASE,W1,13,36,1,1,1
BASE,W1,13,37,1,1,1
BASE,W1,14,1,1,1,1
BASE,W1,14,2,1,1,1
BASE,W1,14,3,5,51,0
BASE,W1,14,4,1,1,1
BASE,W1,14,5,1,1,1
BASE,W1,14,6,5,51,0
BASE,W1,14,7,1,1,1
BASE,W1,14,8,1,1,1
BASE,W1,14,9,1,1,1
BASE,W1,14,10,8,81,0
BASE,W1,14,11,1,1,1
BASE,W1,14,12,1,1,1
BASE,W1,14,13,1,1,1
BASE,W1,14,14,1,1,1
BASE,W1,14,15,1,1,1
BASE,W1,14,16,1,1,1
BASE,W1,14,17,1,1,1
BASE,W1,14,18,1,1,1
BASE,W1,14,19,5,51,0
BASE,W1,14,20,5,51,0
BASE,W1,14,21,1,1,1
BASE,W1,14,22,1,1,1
BASE,W1,14,23,1,1,1
BASE,W1,14,24,1,1,1
BASE,W1,14,25,1,1,1
BASE,W1,14,26,1,1,1
BASE,W1,14,27,8,81,0
BASE,W1,14,28,1,1,1
BASE,W1,14,29,1,1,1
BASE,W1,14,30,1,1,1
BASE,W1,14,31,5,51,0
BASE,W1,14,32,1,1,1
BASE,W1,14,33,5,51,0
BASE,W1,14,34,1,1,1
BASE,W1,14,35,1,1,1
BASE,W1,14,36,1,1,1
BASE,W1,14,37,1,1,1
BASE,W1,14,38,1,1,1
BASE,W1,15,1,1,1,1
BASE,W1,15,2,8,81,0
BASE,W1,15,3,1,1,1
BASE,W1,15,4,1,1,1
BASE,W1,15,5,1,1,1
BASE,W1,15,6,1,1,1
BASE,W1,15,7,1,1,1
BASE,W1,15,8,1,1,1
BASE,W1,15,9,1,1,1
BASE,W1,15,10,1,1,1
BASE,W1,15,11,1,1,1
BASE,W1,15,12,1,1,1
BASE,W1,15,13,1,1,1
BASE,W1,15,14,1,1,1
BASE,W1,15,15,1,1,1
BASE,W1,15,16,1,1,1
BASE,W1,15,17,8,81,0
BASE,W1,15,18,1,1,1
BASE,W1,15,19,1,1,1
BASE,W1,15,20,1,1,1
BASE,W1,15,21,1,1,1
BASE,W1,15,22,1,1,1
BASE,W1,15,23,1,1,1
BASE,W1,15,24,1,1,1
BASE,W1,15,25,1,1,1
BASE,W1,15,26,1,1,1
BASE,W1,15,27,1,1,1
BASE,W1,15,28,1,1,1
BASE,W1,15,29,1,1,1
BASE,W1,15,30,1,1,1
BASE,W1,15,31,1,1,1
BASE,W1,15,32,5,51,0
BASE,W1,15,33,1,1,1
BASE,W1,15,34,1,1,1
BASE,W1,15,35,1,1,1
BASE,W1,15,36,1,1,1
BASE,W1,15,37,1,1,1
BASE,W1,15,38,1,1,1
BASE,W1,16,1,1,1,1
BASE,W1,16,2,1,1,1
BASE,W1,16,3,1,1,1
BASE,W1,16,4,1,1,1
BASE,W1,16,5,1,1,1
BASE,W1,16,6,1,1,1
BASE,W1,16,7,1,1,1
BASE,W1,16,8,1,1,1
BASE,W1,16,9,1,1,1
BASE,W1,16,10,1,1,1
BASE,W1,16,11,1,1,1
BASE,W1,16,12,1,1,1
BASE,W1,16,13,1,1,1
BASE,W1,16,14,1,1,1
BASE,W1,16,15,1,1,1
BASE,W1,16,16,1,1,1
BASE,W1,16,17,1,1,1
BASE,W1,16,18,1,1,1
BASE,W1,16,19,1,1,1
BASE,W1,16,20,1,1,1
BASE,W1,16,21,1,1,1
BASE,W1,16,22,1,1,1
BASE,W1,16,23,1,1,1
BASE,W1,16,24,1,1,1
BASE,W1,16,25,1,1,1
BASE,W1,16,26,1,1,1
BASE,W1,16,27,1,1,1
BASE,W1,16,28,5,51,0
BASE,W1,16,29,1,1,1
BASE,W1,16,30,1,1,1
BASE,W1,16,31,1,1,1
BASE,W1,16,32,1,1,1
BASE,W1,16,33,1,1,1
BASE,W1,16,34,1,1,1
BASE,W1,16,35,1,1,1
BASE,W1,16,36,1,1,1
BASE,W1,16,37,1,1,1
BASE,W1,16,38,1,1,1
BASE,W1,17,1,1,1,1
BASE,W1,17,2,1,1,1
BASE,W1,17,3,1,1,1
BASE,W1,17,4,5,51,0
BASE,W1,17,5,1,1,1
BASE,W1,17,6,1,1,1
BASE,W1,17,7,1,1,1
BASE,W1,17,8,1,1,1
BASE,W1,17,9,1,1,1
BASE,W1,17,10,1,1,1
BASE,W1,17,11,1,1,1
BASE,W1,17,12,1,1,1
BASE,W1,17,13,1,1,1
BASE,W1,17,14,1,1,1
BASE,W1,17,15,1,1,1
BASE,W1,17,16,1,1,1
BASE,W1,17,17,1,1,1
BASE,W1,17,18,1,1,1
BASE,W1,17,19,1,1,1
BASE,W1,17,20,1,1,1
BASE,W1,17,21,1,1,1
BASE,W1,17,22,1,1,1
BASE,W1,17,23,1,1,1
BASE,W1,17,24,1,1,1
BASE,W1,17,25,1,1,1
BASE,W1,17,26,1,1,1
BASE,W1,17,27,1,1,1
BASE,W1,17,28,1,1,1
BASE,W1,17,29,1,1,1
BASE,W1,17,30,1,1,1
BASE,W1,17,31,1,1,1
BASE,W1,17,32,1,1,1
BASE,W1,17,33,1,1,1
BASE,W1,17,34,1,1,1
BASE,W1,17,35,1,1,1
BASE,W1,17,36,1,1,1
BASE,W1,17,37,1,1,1
BASE,W1,17,38,1,1,1
BASE,W1,18,1,1,1,1
BASE,W1,18,2,1,1,1
BASE,W1,18,3,1,1,1
BASE,W1,18,4,1,1,1
BASE,W1,18,5,1,1,1
BASE,W1,18,6,1,1,1
BASE,W1,18,7,1,1,1
BASE,W1,18,8,1,1,1
BASE,W1,18,9,1,1,1
BASE,W1,18,10,1,1,1
BASE,W1,18,11,1,1,1
BASE,W1,18,12,1,1,1
BASE,W1,18,13,1,1,1
BASE,W1,18,14,1,1,1
BASE,W1,18,15,1,1,1
BASE,W1,18,16,1,1,1
BASE,W1,18,17,1,1,1
BASE,W1,18,18,1,1,1
BASE,W1,18,19,1,1,1
BASE,W1,18,20,1,1,1
BASE,W1,18,21,1,1,1
BASE,W1,18,22,1,1,1
BASE,W1,18,23,5,51,0
BASE,W1,18,24,1,1,1
BASE,W1,18,25,1,1,1
BASE,W1,18,26,1,1,1
BASE,W1,18,27,1,1,1
BASE,W1,18,28,1,1,1
BASE,W1,18,29,1,1,1
BASE,W1,18,30,1,1,1
BASE,W1,18,31,1,1,1
BASE,W1,18,32,1,1,1
BASE,W1,18,33,1,1,1
BASE,W1,18,34,5,51,0
BASE,W1,18,35,1,1,1
BASE,W1,18,36,1,1,1
BASE,W1,18,37,1,1,1
BASE,W1,18,38,1,1,1
BASE,W1,19,1,1,1,1
BASE,W1,19,2,1,1,1
BASE,W1,19,3,1,1,1
BASE,W1,19,4,5,51,0
BASE,W1,19,5,1,1,1
BASE,W1,19,6,5,51,0
BASE,W1,19,7,1,1,1
BASE,W1,19,8,1,1,1
BASE,W1,19,9,1,1,1
BASE,W1,19,10,5,51,0
BASE,W1,19,11,1,1,1
BASE,W1,19,12,1,1,1
BASE,W1,19,13,1,1,1
BASE,W1,19,14,1,1,1
BASE,W1,19,15,1,1,1
BASE,W1,19,16,5,51,0
BASE,W1,19,17,1,1,1
BASE,W1,19,18,1,1,1
BASE,W1,19,19,1,1,1
BASE,W1,19,20,1,1,1
BASE,W1,19,21,1,1,1
BASE,W1,19,22,1,1,1
BASE,W1,19,23,1,1,1
BASE,W1,19,24,1,1,1
BASE,W1,19,25,1,1,1
BASE,W1,19,26,1,1,1
BASE,W1,19,27,5,51,0
BASE,W1,19,28,1,1,1
BASE,W1,19,29,1,1,1
BASE,W1,19,30,1,1,1
BASE,W1,19,31,1,1,1
BASE,W1,19,32,1,1,1
BASE,W1,19,33,1,1,1
BASE,W1,19,34,5,51,0
BASE,W1,19,35,1,1,1
BASE,W1,19,36,1,1,1
BASE,W1,19,37,1,1,1
BASE,W1,19,38,5,51,0
BASE,W1,20,1,1,1,1
BASE,W1,20,2,1,1,1
BASE,W1,20,3,1,1,1
BASE,W1,20,4,1,1,1
BASE,W1,20,5,1,1,1
BASE,W1,20,6,1,1,1
BASE,W1,20,7,1,1,1
BASE,W1,20,8,1,1,1
BASE,W1,20,9,1,1,1
BASE,W1,20,10,1,1,1
BASE,W1,20,11,1,1,1
BASE,W1,20,12,1,1,1
BASE,W1,20,13,1,1,1
BASE,W1,20,14,1,1,1
BASE,W1,20,15,5,51,0
BASE,W1,20,16,1,1,1
BASE,W1,20,17,1,1,1
BASE,W1,20,18,1,1,1
BASE,W1,20,19,1,1,1
BASE,W1,20,20,1,1,1
BASE,W1,20,21,1,1,1
BASE,W1,20,22,1,1,1
BASE,W1,20,23,1,1,1
BASE,W1,20,24,1,1,1
BASE,W1,20,25,1,1,1
BASE,W1,20,26,1,1,1
BASE,W1,20,27,1,1,1
BASE,W1,20,28,1,1,1
BASE,W1,20,29,1,1,1
BASE,W1,20,30,1,1,1
BASE,W1,20,31,1,1,1
BASE,W1,20,32,1,1,1
BASE,W1,20,33,1,1,1
BASE,W1,20,34,1,1,1
BASE,W1,20,35,1,1,1
BASE,W1,20,36,1,1,1
BASE,W1,20,37,1,1,1
BASE,W1,20,38,1,1,1
BASE,W1,21,1,1,1,1
BASE,W1,21,2,1,1,1
BASE,W1,21,3,5,51,0
BASE,W1,21,4,1,1,1
BASE,W1,21,5,1,1,1
BASE,W1,21,6,1,1,1
BASE,W1,21,7,8,81,0
BASE,W1,21,8,1,1,1
BASE,W1,21,9,1,1,1
BASE,W1,21,10,1,1,1
BASE,W1,21,11,1,1,1
BASE,W1,21,12,1,1,1
BASE,W1,21,13,1,1,1
BASE,W1,21,14,1,1,1
BASE,W1,21,15,1,1,1
BASE,W1,21,16,1,1,1
BASE,W1,21,17,1,1,1
BASE,W1,21,18,1,1,1
BASE,W1,21,19,1,1,1
BASE,W1,21,20,1,1,1
BASE,W1,21,21,1,1,1
BASE,W1,21,22,1,1,1
BASE,W1,21,23,5,51,0
BASE,W1,21,24,1,1,1
BASE,W1,21,25,1,1,1
BASE,W1,21,26,1,1,1
BASE,W1,21,27,1,1,1
BASE,W1,21,28,1,1,1
BASE,W1,21,29,1,1,1
BASE,W1,21,30,1,1,1
BASE,W1,21,31,1,1,1
BASE,W1,21,32,1,1,1
BASE,W1,21,33,1,1,1
BASE,W1,21,34,1,1,1
BASE,W1,21,35,1,1,1
BASE,W1,21,36,1,1,1
BASE,W1,21,37,1,1,1
BASE,W1,21,38,1,1,1
BASE,W1,22,1,1,1,1
BASE,W1,22,2,1,1,1
BASE,W1,22,3,1,1,1
BASE,W1,22,4,1,1,1
BASE,W1,22,5,1,1,1
BASE,W1,22,6,1,1,1
BASE,W1,22,7,1,1,1
BASE,W1,22,8,1,1,1
BASE,W1,22,9,1,1,1
BASE,W1,22,10,1,1,1
BASE,W1,22,11,1,1,1
BASE,W1,22,12,1,1,1
BASE,W1,22,13,1,1,1
BASE,W1,22,14,1,1,1
BASE,W1,22,15,1,1,1
BASE,W1,22,16,1,1,1
BASE,W1,22,17,1,1,1
BASE,W1,22,18,1,1,1
BASE,W1,22,19,1,1,1
BASE,W1,22,20,5,51,0
BASE,W1,22,21,1,1,1
BASE,W1,22,22,1,1,1
BASE,W1,22,23,1,1,1
BASE,W1,22,24,1,1,1
BASE,W1,22,25,1,1,1
BASE,W1,22,26,1,1,1
BASE,W1,22,27,5,51,0
BASE,W1,22,28,1,1,1
BASE,W1,22,29,1,1,1
BASE,W1,22,30,1,1,1
BASE,W1,22,31,1,1,1
BASE,W1,22,32,1,1,1
BASE,W1,22,33,1,1,1
BASE,W1,22,34,1,1,1
BASE,W1,22,35,1,1,1
BASE,W1,22,36,1,1,1
BASE,W1,22,37,1,1,1
BASE,W1,22,38,1,1,1
BASE,W1,23,1,1,1,1
BASE,W1,23,2,1,1,1
BASE,W1,23,3,1,1,1
BASE,W1,23,4,1,1,1
BASE,W1,23,5,1,1,1
BASE,W1,23,6,1,1,1
BASE,W1,23,7,1,1,1
BASE,W1,23,8,1,1,1
BASE,W1,23,9,1,1,1
BASE,W1,23,10,1,1,1
BASE,W1,23,11,1,1,1
BASE,W1,23,12,1,1,1
BASE,W1,23,13,8,81,0
BASE,W1,23,14,1,1,1
BASE,W1,23,15,1,1,1
BASE,W1,23,16,1,1,1
BASE,W1,23,17,1,1,1
BASE,W1,23,18,1,1,1
BASE,W1,23,19,1,1,1
BASE,W1,23,20,1,1,1
BASE,W1,23,21,1,1,1
BASE,W1,23,22,1,1,1
BASE,W1,23,23,1,1,1
BASE,W1,23,24,1,1,1
BASE,W1,23,25,1,1,1
BASE,W1,23,26,1,1,1
BASE,W1,23,27,1,1,1
BASE,W1,23,28,1,1,1
BASE,W1,23,29,1,1,1
BASE,W1,23,30,1,1,1
BASE,W1,23,31,1,1,1
BASE,W1,23,32,1,1,1
BASE,W1,23,33,1,1,1
BASE,W1,23,34,1,1,1
BASE,W1,23,35,1,1,1
BASE,W1,23,36,1,1,1
BASE,W1,23,37,1,1,1
BASE,W1,23,38,1,1,1
BASE,W1,24,1,1,1,1
BASE,W1,24,2,1,1,1
BASE,W1,24,3,1,1,1
BASE,W1,24,4,1,1,1
BASE,W1,24,5,1,1,1
BASE,W1,24,6,1,1,1
BASE,W1,24,7,1,1,1
BASE,W1,24,8,1,1,1
BASE,W1,24,9,1,1,1
BASE,W1,24,10,1,1,1
BASE,W1,24,11,1,1,1
BASE,W1,24,12,1,1,1
BASE,W1,24,13,5,51,0
BASE,W1,24,14,1,1,1
BASE,W1,24,15,1,1,1
BASE,W1,24,16,1,1,1
BASE,W1,24,17,1,1,1
BASE,W1,24,18,1,1,1
BASE,W1,24,19,1,1,1
BASE,W1,24,20,1,1,1
BASE,W1,24,21,1,1,1
BASE,W1,24,22,1,1,1
BASE,W1,24,23,1,1,1
BASE,W1,24,24,1,1,1
BASE,W1,24,25,1,1,1
BASE,W1,24,26,1,1,1
BASE,W1,24,27,1,1,1
BASE,W1,24,28,1,1,1
BASE,W1,24,29,1,1,1
BASE,W1,24,30,1,1,1
BASE,W1,24,31,1,1,1
BASE,W1,24,32,1,1,1
BASE,W1,24,33,1,1,1
BASE,W1,24,34,1,1,1
BASE,W1,24,35,1,1,1
BASE,W1,24,36,1,1,1
BASE,W1,24,37,5,51,0
BASE,W1,24,38,5,51,0
BASE,W1,25,1,1,1,1
BASE,W1,25,2,1,1,1
BASE,W1,25,3,1,1,1
BASE,W1,25,4,1,1,1
BASE,W1,25,5,1,1,1
BASE,W1,25,6,1,1,1
BASE,W1,25,7,1,1,1
BASE,W1,25,8,1,1,1
BASE,W1,25,9,1,1,1
BASE,W1,25,10,1,1,1
BASE,W1,25,11,1,1,1
BASE,W1,25,12,1,1,1
BASE,W1,25,13,1,1,1
BASE,W1,25,14,1,1,1
BASE,W1,25,15,1,1,1
BASE,W1,25,16,1,1,1
BASE,W1,25,17,1,1,1
BASE,W1,25,18,1,1,1
BASE,W1,25,19,1,1,1
BASE,W1,25,20,1,1,1
BASE,W1,25,21,1,1,1
BASE,W1,25,22,1,1,1
BASE,W1,25,23,1,1,1
BASE,W1,25,24,8,81,0
BASE,W1,25,25,1,1,1
BASE,W1,25,26,1,1,1
BASE,W1,25,27,1,1,1
BASE,W1,25,28,1,1,1
BASE,W1,25,29,1,1,1
BASE,W1,25,30,1,1,1
BASE,W1,25,31,1,1,1
BASE,W1,25,32,1,1,1
BASE,W1,25,33,1,1,1
BASE,W1,25,34,1,1,1
BASE,W1,25,35,1,1,1
BASE,W1,25,36,1,1,1
BASE,W1,25,37,1,1,1
BASE,W1,25,38,1,1,1
BASE,W1,26,2,1,1,1
BASE,W1,26,3,1,1,1
BASE,W1,26,4,1,1,1
BASE,W1,26,5,1,1,1
BASE,W1,26,6,1,1,1
BASE,W1,26,7,1,1,1
BASE,W1,26,8,1,1,1
BASE,W1,26,9,1,1,1
BASE,W1,26,10,1,1,1
BASE,W1,26,11,1,1,1
BASE,W1,26,12,1,1,1
BASE,W1,26,13,1,1,1
BASE,W1,26,14,1,1,1
BASE,W1,26,15,5,51,0
BASE,W1,26,16,5,51,0
BASE,W1,26,17,8,81,0
BASE,W1,26,18,1,1,1
BASE,W1,26,19,1,1,1
BASE,W1,26,20,1,1,1
BASE,W1,26,21,1,1,1
BASE,W1,26,22,8,81,0
BASE,W1,26,23,1,1,1
BASE,W1,26,24,1,1,1
BASE,W1,26,25,1,1,1
BASE,W1,26,26,1,1,1
BASE,W1,26,27,1,1,1
BASE,W1,26,28,1,1,1
BASE,W1,26,29,1,1,1
BASE,W1,26,30,1,1,1
BASE,W1,26,31,1,1,1
BASE,W1,26,32,5,51,0
BASE,W1,26,33,1,1,1
BASE,W1,26,34,1,1,1
BASE,W1,26,35,1,1,1
BASE,W1,26,36,1,1,1
BASE,W1,26,37,1,1,1
BASE,W1,27,2,1,1,1
BASE,W1,27,3,1,1,1
BASE,W1,27,4,1,1,1
BASE,W1,27,5,1,1,1
BASE,W1,27,6,1,1,1
BASE,W1,27,7,1,1,1
BASE,W1,27,8,1,1,1
BASE,W1,27,9,1,1,1
BASE,W1,27,10,1,1,1
BASE,W1,27,11,1,1,1
BASE,W1,27,12,1,1,1
BASE,W1,27,13,1,1,1
BASE,W1,27,14,1,1,1
BASE,W1,27,15,1,1,1
BASE,W1,27,16,1,1,1
BASE,W1,27,17,5,51,0
BASE,W1,27,18,5,51,0
BASE,W1,27,19,1,1,1
BASE,W1,27,20,1,1,1
BASE,W1,27,21,1,1,1
BASE,W1,27,22,1,1,1
BASE,W1,27,23,1,1,1
BASE,W1,27,24,1,1,1
BASE,W1,27,25,1,1,1
BASE,W1,27,26,1,1,1
BASE,W1,27,27,1,1,1
BASE,W1,27,28,1,1,1
BASE,W1,27,29,1,1,1
BASE,W1,27,30,1,1,1
BASE,W1,27,31,5,51,0
BASE,W1,27,32,1,1,1
BASE,W1,27,33,1,1,1
BASE,W1,27,34,1,1,1
BASE,W1,27,35,1,1,1
BASE,W1,27,36,1,1,1
BASE,W1,27,37,1,1,1
BASE,W1,28,2,1,1,1
BASE,W1,28,3,1,1,1
BASE,W1,28,4,1,1,1
BASE,W1,28,5,1,1,1
BASE,W1,28,6,1,1,1
BASE,W1,28,7,1,1,1
BASE,W1,28,8,1,1,1
BASE,W1,28,9,1,1,1
BASE,W1,28,10,1,1,1
BASE,W1,28,11,1,1,1
BASE,W1,28,12,1,1,1
BASE,W1,28,13,1,1,1
BASE,W1,28,14,1,1,1
BASE,W1,28,15,1,1,1
BASE,W1,28,16,1,1,1
BASE,W1,28,17,1,1,1
BASE,W1,28,18,1,1,1
BASE,W1,28,19,1,1,1
BASE,W1,28,20,1,1,1
BASE,W1,28,21,1,1,1
BASE,W1,28,22,1,1,1
BASE,W1,28,23,5,51,0
BASE,W1,28,24,1,1,1
BASE,W1,28,25,5,51,0
BASE,W1,28,26,8,81,0
BASE,W1,28,27,1,1,1
BASE,W1,28,28,1,1,1
BASE,W1,28,29,1,1,1
BASE,W1,28,30,5,51,0
BASE,W1,28,31,1,1,1
BASE,W1,28,32,1,1,1
BASE,W1,28,33,1,1,1
BASE,W1,28,34,1,1,1
BASE,W1,28,35,1,1,1
BASE,W1,28,36,1,1,1
BASE,W1,28,37,5,51,0
BASE,W1,29,3,5,51,0
BASE,W1,29,4,1,1,1
BASE,W1,29,5,1,1,1
BASE,W1,29,6,1,1,1
BASE,W1,29,7,1,1,1
BASE,W1,29,8,5,51,0
BASE,W1,29,9,1,1,1
BASE,W1,29,10,1,1,1
BASE,W1,29,11,1,1,1
BASE,W1,29,12,8,81,0
BASE,W1,29,13,8,81,0
BASE,W1,29,14,1,1,1
BASE,W1,29,15,1,1,1
BASE,W1,29,16,1,1,1
BASE,W1,29,17,1,1,1
BASE,W1,29,18,1,1,1
BASE,W1,29,19,1,1,1
BASE,W1,29,20,1,1,1
BASE,W1,29,21,1,1,1
BASE,W1,29,22,1,1,1
BASE,W1,29,23,1,1,1
BASE,W1,29,24,1,1,1
BASE,W1,29,25,1,1,1
BASE,W1,29,26,1,1,1
BASE,W1,29,27,1,1,1
BASE,W1,29,28,1,1,1
BASE,W1,29,29,1,1,1
BASE,W1,29,30,1,1,1
BASE,W1,29,31,1,1,1
BASE,W1,29,32,5,51,0
BASE,W1,29,33,5,51,0
BASE,W1,29,34,1,1,1
BASE,W1,29,35,1,1,1
BASE,W1,29,36,1,1,1
BASE,W1,30,4,1,1,1
BASE,W1,30,5,1,1,1
BASE,W1,30,6,1,1,1
BASE,W1,30,7,1,1,1
BASE,W1,30,8,5,51,0
BASE,W1,30,9,1,1,1
BASE,W1,30,10,1,1,1
BASE,W1,30,11,5,51,0
BASE,W1,30,12,1,1,1
BASE,W1,30,13,5,51,0
BASE,W1,30,14,1,1,1
BASE,W1,30,15,1,1,1
BASE,W1,30,16,1,1,1
BASE,W1,30,17,1,1,1
BASE,W1,30,18,1,1,1
BASE,W1,30,19,1,1,1
BASE,W1,30,20,5,51,0
BASE,W1,30,21,1,1,1
BASE,W1,30,22,1,1,1
BASE,W1,30,23,1,1,1
BASE,W1,30,24,1,1,1
BASE,W1,30,25,1,1,1
BASE,W1,30,26,1,1,1
BASE,W1,30,27,1,1,1
BASE,W1,30,28,1,1,1
BASE,W1,30,29,1,1,1
BASE,W1,30,30,1,1,1
BASE,W1,30,31,1,1,1
BASE,W1,30,32,1,1,1
BASE,W1,30,33,1,1,1
BASE,W1,30,34,1,1,1
BASE,W1,30,35,1,1,1
BASE,W1,31,4,1,1,1
BASE,W1,31,5,1,1,1
BASE,W1,31,6,1,1,1
BASE,W1,31,7,1,1,1
BASE,W1,31,8,1,1,1
BASE,W1,31,9,1,1,1
BASE,W1,31,10,1,1,1
BASE,W1,31,11,1,1,1
BASE,W1,31,12,1,1,1
BASE,W1,31,13,1,1,1
BASE,W1,31,14,1,1,1
BASE,W1,31,15,1,1,1
BASE,W1,31,16,1,1,1
BASE,W1,31,17,5,51,0
BASE,W1,31,18,1,1,1
BASE,W1,31,19,1,1,1
BASE,W1,31,20,1,1,1
BASE,W1,31,21,1,1,1
BASE,W1,31,22,1,1,1
BASE,W1,31,23,1,1,1
BASE,W1,31,24,1,1,1
BASE,W1,31,25,1,1,1
BASE,W1,31,26,1,1,1
BASE,W1,31,27,5,51,0
BASE,W1,31,28,1,1,1
BASE,W1,31,29,1,1,1
BASE,W1,31,30,1,1,1
BASE,W1,31,31,1,1,1
BASE,W1,31,32,5,51,0
BASE,W1,31,33,1,1,1
BASE,W1,31,34,1,1,1
BASE,W1,31,35,1,1,1
BASE,W1,32,5,1,1,1
BASE,W1,32,6,1,1,1
BASE,W1,32,7,1,1,1
BASE,W1,32,8,1,1,1
BASE,W1,32,9,1,1,1
BASE,W1,32,10,1,1,1
BASE,W1,32,11,5,51,0
BASE,W1,32,12,1,1,1
BASE,W1,32,13,1,1,1
BASE,W1,32,14,1,1,1
BASE,W1,32,15,1,1,1
BASE,W1,32,16,1,1,1
BASE,W1,32,17,1,1,1
BASE,W1,32,18,1,1,1
BASE,W1,32,19,1,1,1
BASE,W1,32,20,1,1,1
BASE,W1,32,21,1,1,1
BASE,W1,32,22,1,1,1
BASE,W1,32,23,1,1,1
BASE,W1,32,24,1,1,1
BASE,W1,32,25,1,1,1
BASE,W1,32,26,1,1,1
BASE,W1,32,27,1,1,1
BASE,W1,32,28,1,1,1
BASE,W1,32,29,1,1,1
BASE,W1,32,30,1,1,1
BASE,W1,32,31,1,1,1
BASE,W1,32,32,1,1,1
BASE,W1,32,33,1,1,1
BASE,W1,32,34,5,51,0
BASE,W1,33,6,1,1,1
BASE,W1,33,7,1,1,1
BASE,W1,33,8,1,1,1
BASE,W1,33,9,1,1,1
BASE,W1,33,10,1,1,1
BASE,W1,33,11,1,1,1
BASE,W1,33,12,1,1,1
BASE,W1,33,13,1,1,1
BASE,W1,33,14,5,51,0
BASE,W1,33,15,1,1,1
BASE,W1,33,16,1,1,1
BASE,W1,33,17,1,1,1
BASE,W1,33,18,1,1,1
BASE,W1,33,19,1,1,1
BASE,W1,33,20,5,51,0
BASE,W1,33,21,1,1,1
BASE,W1,33,22,1,1,1
BASE,W1,33,23,1,1,1
BASE,W1,33,24,1,1,1
BASE,W1,33,25,1,1,1
BASE,W1,33,26,5,51,0
BASE,W1,33,27,1,1,1
BASE,W1,33,28,1,1,1
BASE,W1,33,29,1,1,1
BASE,W1,33,30,1,1,1
BASE,W1,33,31,1,1,1
BASE,W1,33,32,1,1,1
BASE,W1,33,33,1,1,1
BASE,W1,34,7,5,51,0
BASE,W1,34,8,1,1,1
BASE,W1,34,9,5,51,0
BASE,W1,34,10,1,1,1
BASE,W1,34,11,1,1,1
BASE,W1,34,12,1,1,1
BASE,W1,34,13,1,1,1
BASE,W1,34,14,1,1,1
BASE,W1,34,15,1,1,1
BASE,W1,34,16,1,1,1
BASE,W1,34,17,1,1,1
BASE,W1,34,18,1,1,1
BASE,W1,34,19,1,1,1
BASE,W1,34,20,1,1,1
BASE,W1,34,21,1,1,1
BASE,W1,34,22,1,1,1
BASE,W1,34,23,1,1,1
BASE,W1,34,24,1,1,1
BASE,W1,34,25,1,1,1
BASE,W1,34,26,8,81,0
BASE,W1,34,27,1,1,1
BASE,W1,34,28,1,1,1
BASE,W1,34,29,1,1,1
BASE,W1,34,30,1,1,1
BASE,W1,34,31,1,1,1
BASE,W1,34,32,5,51,0
BASE,W1,35,8,1,1,1
BASE,W1,35,9,1,1,1
BASE,W1,35,10,1,1,1
BASE,W1,35,11,5,51,0
BASE,W1,35,12,5,51,0
BASE,W1,35,13,1,1,1
BASE,W1,35,14,1,1,1
BASE,W1,35,15,1,1,1
BASE,W1,35,16,1,1,1
BASE,W1,35,17,1,1,1
BASE,W1,35,18,1,1,1
BASE,W1,35,19,1,1,1
BASE,W1,35,20,1,1,1
BASE,W1,35,21,1,1,1
BASE,W1,35,22,1,1,1
BASE,W1,35,23,1,1,1
BASE,W1,35,24,5,51,0
BASE,W1,35,25,1,1,1
BASE,W1,35,26,1,1,1
BASE,W1,35,27,1,1,1
BASE,W1,35,28,1,1,1
BASE,W1,35,29,1,1,1
BASE,W1,35,30,5,51,0
BASE,W1,35,31,1,1,1
BASE,W1,36,10,1,1,1
BASE,W1,36,11,1,1,1
BASE,W1,36,12,1,1,1
BASE,W1,36,13,1,1,1
BASE,W1,36,14,1,1,1
BASE,W1,36,15,1,1,1
BASE,W1,36,16,1,1,1
BASE,W1,36,17,1,1,1
BASE,W1,36,18,1,1,1
BASE,W1,36,19,8,81,0
BASE,W1,36,20,8,81,0
BASE,W1,36,21,1,1,1
BASE,W1,36,22,1,1,1
BASE,W1,36,23,1,1,1
BASE,W1,36,24,1,1,1
BASE,W1,36,25,1,1,1
BASE,W1,36,26,1,1,1
BASE,W1,36,27,1,1,1
BASE,W1,36,28,1,1,1
BASE,W1,36,29,1,1,1
BASE,W1,37,11,1,1,1
BASE,W1,37,12,1,1,1
BASE,W1,37,13,1,1,1
BASE,W1,37,14,1,1,1
BASE,W1,37,15,1,1,1
BASE,W1,37,16,8,81,0
BASE,W1,37,17,1,1,1
BASE,W1,37,18,1,1,1
BASE,W1,37,19,1,1,1
BASE,W1,37,20,1,1,1
BASE,W1,37,21,1,1,1
BASE,W1,37,22,1,1,1
BASE,W1,37,23,1,1,1
BASE,W1,37,24,1,1,1
BASE,W1,37,25,1,1,1
BASE,W1,37,26,1,1,1
BASE,W1,37,27,1,1,1
BASE,W1,37,28,1,1,1
BASE,W1,38,14,1,1,1
BASE,W1,38,15,1,1,1
BASE,W1,38,16,1,1,1
BASE,W1,38,17,1,1,1
BASE,W1,38,18,1,1,1
BASE,W1,38,19,1,1,1
BASE,W1,38,20,1,1,1
BASE,W1,38,21,1,1,1
BASE,W1,38,22,1,1,1
BASE,W1,38,23,1,1,1
BASE,W1,38,24,1,1,1
BASE,W1,38,25,1,1,1
BASE,W2,1,14,1,1,1
BASE,W2,1,15,1,1,1
BASE,W2,1,16,1,1,1
BASE,W2,1,17,5,51,0
BASE,W2,1,18,1,1,1
BASE,W2,1,19,1,1,1
BASE,W2,1,20,1,1,1
BASE,W2,1,21,1,1,1
BASE,W2,1,22,1,1,1
BASE,W2,1,23,1,1,1
BASE,W2,1,24,1,1,1
BASE,W2,1,25,8,81,0
BASE,W2,2,11,1,1,1
BASE,W2,2,12,1,1,1
BASE,W2,2,13,1,1,1
BASE,W2,2,14,1,1,1
BASE,W2,2,15,1,1,1
BASE,W2,2,16,8,81,0
BASE,W2,2,17,1,1,1
BASE,W2,2,18,1,1,1
BASE,W2,2,19,1,1,1
BASE,W2,2,20,1,1,1
BASE,W2,2,21,1,1,1
BASE,W2,2,22,1,1,1
BASE,W2,2,23,1,1,1
BASE,W2,2,24,1,1,1
BASE,W2,2,25,1,1,1
BASE,W2,2,26,1,1,1
BASE,W2,2,27,1,1,1
BASE,W2,2,28,1,1,1
BASE,W2,3,10,1,1,1
BASE,W2,3,11,1,1,1
BASE,W2,3,12,1,1,1
BASE,W2,3,13,5,51,0
BASE,W2,3,14,1,1,1
BASE,W2,3,15,1,1,1
BASE,W2,3,16,1,1,1
BASE,W2,3,17,1,1,1
BASE,W2,3,18,1,1,1
BASE,W2,3,19,1,1,1
BASE,W2,3,20,1,1,1
BASE,W2,3,21,1,1,1
BASE,W2,3,22,1,1,1
BASE,W2,3,23,5,51,0
BASE,W2,3,24,1,1,1
BASE,W2,3,25,1,1,1
BASE,W2,3,26,5,51,0
BASE,W2,3,27,1,1,1
BASE,W2,3,28,1,1,1
BASE,W2,3,29,1,1,1
BASE,W2,4,8,1,1,1
BASE,W2,4,9,1,1,1
BASE,W2,4,10,1,1,1
BASE,W2,4,11,1,1,1
BASE,W2,4,12,1,1,1
BASE,W2,4,13,1,1,1
BASE,W2,4,14,1,1,1
BASE,W2,4,15,1,1,1
BASE,W2,4,16,1,1,1
BASE,W2,4,17,1,1,1
BASE,W2,4,18,1,1,1
BASE,W2,4,19,1,1,1
BASE,W2,4,20,1,1,1
BASE,W2,4,21,1,1,1
BASE,W2,4,22,1,1,1
BASE,W2,4,23,1,1,1
BASE,W2,4,24,1,1,1
BASE,W2,4,25,1,1,1
BASE,W2,4,26,1,1,1
BASE,W2,4,27,1,1,1
BASE,W2,4,28,1,1,1
BASE,W2,4,29,1,1,1
BASE,W2,4,30,1,1,1
BASE,W2,4,31,1,1,1
BASE,W2,5,7,1,1,1
BASE,W2,5,8,1,1,1
BASE,W2,5,9,1,1,1
BASE,W2,5,10,1,1,1
BASE,W2,5,11,1,1,1
BASE,W2,5,12,1,1,1
BASE,W2,5,13,1,1,1
BASE,W2,5,14,1,1,1
BASE,W2,5,15,1,1,1
BASE,W2,5,16,1,1,1
BASE,W2,5,17,1,1,1
BASE,W2,5,18,1,1,1
BASE,W2,5,19,1,1,1
BASE,W2,5,20,1,1,1
BASE,W2,5,21,1,1,1
BASE,W2,5,22,1,1,1
BASE,W2,5,23,1,1,1
BASE,W2,5,24,1,1,1
BASE,W2,5,25,1,1,1
BASE,W2,5,26,1,1,1
BASE,W2,5,27,1,1,1
BASE,W2,5,28,1,1,1
BASE,W2,5,29,5,51,0
BASE,W2,5,30,1,1,1
BASE,W2,5,31,1,1,1
BASE,W2,5,32,1,1,1
BASE,W2,6,6,1,1,1
BASE,W2,6,7,1,1,1
BASE,W2,6,8,1,1,1
BASE,W2,6,9,1,1,1
BASE,W2,6,10,1,1,1
BASE,W2,6,11,1,1,1
BASE,W2,6,12,1,1,1
BASE,W2,6,13,1,1,1
BASE,W2,6,14,1,1,1
BASE,W2,6,15,1,1,1
BASE,W2,6,16,1,1,1
BASE,W2,6,17,1,1,1
BASE,W2,6,18,1,1,1
BASE,W2,6,19,1,1,1
BASE,W2,6,20,1,1,1
BASE,W2,6,21,1,1,1
BASE,W2,6,22,1,1,1
BASE,W2,6,23,1,1,1
BASE,W2,6,24,1,1,1
BASE,W2,6,25,1,1,1
BASE,W2,6,26,1,1,1
BASE,W2,6,27,5,51,0
BASE,W2,6,28,1,1,1
BASE,W2,6,29,1,1,1
BASE,W2,6,30,1,1,1
BASE,W2,6,31,1,1,1
BASE,W2,6,32,1,1,1
BASE,W2,6,33,1,1,1
BASE,W2,7,5,1,1,1
BASE,W2,7,6,1,1,1
BASE,W2,7,7,1,1,1
BASE,W2,7,8,1,1,1
BASE,W2,7,9,1,1,1
BASE,W2,7,10,1,1,1
BASE,W2,7,11,1,1,1
BASE,W2,7,12,1,1,1
BASE,W2,7,13,5,51,0
BASE,W2,7,14,1,1,1
BASE,W2,7,15,1,1,1
BASE,W2,7,16,1,1,1
BASE,W2,7,17,1,1,1
BASE,W2,7,18,1,1,1
BASE,W2,7,19,1,1,1
BASE,W2,7,20,8,81,0
BASE,W2,7,21,1,1,1
BASE,W2,7,22,1,1,1
BASE,W2,7,23,1,1,1
BASE,W2,7,24,8,81,0
BASE,W2,7,25,1,1,1
BASE,W2,7,26,1,1,1
BASE,W2,7,27,1,1,1
BASE,W2,7,28,1,1,1
BASE,W2,7,29,1,1,1
BASE,W2,7,30,1,1,1
BASE,W2,7,31,1,1,1
BASE,W2,7,32,1,1,1
BASE,W2,7,33,1,1,1
BASE,W2,7,34,1,1,1
BASE,W2,8,4,1,1,1
BASE,W2,8,5,1,1,1
BASE,W2,8,6,1,1,1
BASE,W2,8,7,5,51,0
BASE,W2,8,8,1,1,1
BASE,W2,8,9,1,1,1
BASE,W2,8,10,1,1,1
BASE,W2,8,11,1,1,1
BASE,W2,8,12,5,51,0
BASE,W2,8,13,1,1,1
BASE,W2,8,14,1,1,1
BASE,W2,8,15,1,1,1
BASE,W2,8,16,8,81,0
BASE,W2,8,17,1,1,1
BASE,W2,8,18,1,1,1
BASE,W2,8,19,1,1,1
BASE,W2,8,20,1,1,1
BASE,W2,8,21,1,1,1
BASE,W2,8,22,1,1,1
BASE,W2,8,23,1,1,1
BASE,W2,8,24,8,81,0
BASE,W2,8,25,1,1,1
BASE,W2,8,26,1,1,1
BASE,W2,8,27,1,1,1
BASE,W2,8,28,1,1,1
BASE,W2,8,29,1,1,1
BASE,W2,8,30,1,1,1
BASE,W2,8,31,1,1,1
BASE,W2,8,32,1,1,1
BASE,W2,8,33,1,1,1
BASE,W2,8,34,1,1,1
BASE,W2,8,35,1,1,1
BASE,W2,9,4,1,1,1
BASE,W2,9,5,1,1,1
BASE,W2,9,6,1,1,1
BASE,W2,9,7,1,1,1
BASE,W2,9,8,5,51,0
BASE,W2,9,9,1,1,1
BASE,W2,9,10,1,1,1
BASE,W2,9,11,5,51,0
BASE,W2,9,12,1,1,1
BASE,W2,9,13,1,1,1
BASE,W2,9,14,8,81,0
BASE,W2,9,15,1,1,1
BASE,W2,9,16,1,1,1
BASE,W2,9,17,1,1,1
BASE,W2,9,18,8,81,0
BASE,W2,9,19,1,1,1
BASE,W2,9,20,1,1,1
BASE,W2,9,21,1,1,1
BASE,W2,9,22,1,1,1
BASE,W2,9,23,1,1,1
BASE,W2,9,24,1,1,1
BASE,W2,9,25,1,1,1
BASE,W2,9,26,1,1,1
BASE,W2,9,27,1,1,1
BASE,W2,9,28,1,1,1
BASE,W2,9,29,8,81,0
BASE,W2,9,30,5,51,0
BASE,W2,9,31,5,51,0
BASE,W2,9,32,1,1,1
BASE,W2,9,33,1,1,1
BASE,W2,9,34,1,1,1
BASE,W2,9,35,1,1,1
BASE,W2,10,3,1,1,1
BASE,W2,10,4,5,51,0
BASE,W2,10,5,1,1,1
BASE,W2,10,6,1,1,1
BASE,W2,10,7,1,1,1
BASE,W2,10,8,1,1,1
BASE,W2,10,9,1,1,1
BASE,W2,10,10,1,1,1
BASE,W2,10,11,1,1,1
BASE,W2,10,12,1,1,1
BASE,W2,10,13,1,1,1
BASE,W2,10,14,1,1,1
BASE,W2,10,15,1,1,1
BASE,W2,10,16,1,1,1
BASE,W2,10,17,1,1,1
BASE,W2,10,18,1,1,1
BASE,W2,10,19,1,1,1
BASE,W2,10,20,1,1,1
BASE,W2,10,21,1,1,1
BASE,W2,10,22,1,1,1
BASE,W2,10,23,1,1,1
BASE,W2,10,24,1,1,1
BASE,W2,10,25,1,1,1
BASE,W2,10,26,1,1,1
BASE,W2,10,27,5,51,0
BASE,W2,10,28,1,1,1
BASE,W2,10,29,1,1,1
BASE,W2,10,30,1,1,1
BASE,W2,10,31,1,1,1
BASE,W2,10,32,1,1,1
BASE,W2,10,33,1,1,1
BASE,W2,10,34,1,1,1
BASE,W2,10,35,1,1,1
BASE,W2,10,36,1,1,1
BASE,W2,11,2,1,1,1
BASE,W2,11,3,1,1,1
BASE,W2,11,4,1,1,1
BASE,W2,11,5,1,1,1
BASE,W2,11,6,1,1,1
BASE,W2,11,7,1,1,1
BASE,W2,11,8,5,51,0
BASE,W2,11,9,1,1,1
BASE,W2,11,10,1,1,1
BASE,W2,11,11,1,1,1
BASE,W2,11,12,1,1,1
BASE,W2,11,13,1,1,1
BASE,W2,11,14,1,1,1
BASE,W2,11,15,1,1,1
BASE,W2,11,16,1,1,1
BASE,W2,11,17,1,1,1
BASE,W2,11,18,1,1,1
BASE,W2,11,19,1,1,1
BASE,W2,11,20,1,1,1
BASE,W2,11,21,1,1,1
BASE,W2,11,22,1,1,1
BASE,W2,11,23,1,1,1
BASE,W2,11,24,1,1,1
BASE,W2,11,25,1,1,1
BASE,W2,11,26,1,1,1
BASE,W2,11,27,1,1,1
BASE,W2,11,28,1,1,1
BASE,W2,11,29,1,1,1
BASE,W2,11,30,1,1,1
BASE,W2,11,31,1,1,1
BASE,W2,11,32,1,1,1
BASE,W2,11,33,1,1,1
BASE,W2,11,34,8,81,0
BASE,W2,11,35,1,1,1
BASE,W2,11,36,1,1,1
BASE,W2,11,37,1,1,1
BASE,W2,12,2,1,1,1
BASE,W2,12,3,1,1,1
BASE,W2,12,4,1,1,1
BASE,W2,12,5,1,1,1
BASE,W2,12,6,1,1,1
BASE,W2,12,7,1,1,1
BASE,W2,12,8,1,1,1
BASE,W2,12,9,1,1,1
BASE,W2,12,10,5,51,0
BASE,W2,12,11,1,1,1
BASE,W2,12,12,1,1,1
BASE,W2,12,13,1,1,1
BASE,W2,12,14,1,1,1
BASE,W2,12,15,1,1,1
BASE,W2,12,16,1,1,1
BASE,W2,12,17,1,1,1
BASE,W2,12,18,1,1,1
BASE,W2,12,19,1,1,1
BASE,W2,12,20,1,1,1
BASE,W2,12,21,1,1,1
BASE,W2,12,22,1,1,1
BASE,W2,12,23,1,1,1
BASE,W2,12,24,1,1,1
BASE,W2,12,25,1,1,1
BASE,W2,12,26,1,1,1
BASE,W2,12,27,1,1,1
BASE,W2,12,28,1,1,1
BASE,W2,12,29,1,1,1
BASE,W2,12,30,1,1,1
BASE,W2,12,31,1,1,1
BASE,W2,12,32,1,1,1
BASE,W2,12,33,1,1,1
BASE,W2,12,34,1,1,1
BASE,W2,12,35,1,1,1
BASE,W2,12,36,1,1,1
BASE,W2,12,37,5,51,0
BASE,W2,13,2,1,1,1
BASE,W2,13,3,1,1,1
BASE,W2,13,4,8,81,0
BASE,W2,13,5,1,1,1
BASE,W2,13,6,1,1,1
BASE,W2,13,7,1,1,1
BASE,W2,13,8,1,1,1
BASE,W2,13,9,5,51,0
BASE,W2,13,10,1,1,1
BASE,W2,13,11,1,1,1
BASE,W2,13,12,8,81,0
BASE,W2,13,13,5,51,0
BASE,W2,13,14,1,1,1
BASE,W2,13,15,1,1,1
BASE,W2,13,16,8,81,0
BASE,W2,13,17,1,1,1
BASE,W2,13,18,1,1,1
BASE,W2,13,19,1,1,1
BASE,W2,13,20,1,1,1
BASE,W2,13,21,1,1,1
BASE,W2,13,22,1,1,1
BASE,W2,13,23,1,1,1
BASE,W2,13,24,1,1,1
BASE,W2,13,25,1,1,1
BASE,W2,13,26,5,51,0
BASE,W2,13,27,1,1,1
BASE,W2,13,28,1,1,1
BASE,W2,13,29,1,1,1
BASE,W2,13,30,1,1,1
BASE,W2,13,31,5,51,0
BASE,W2,13,32,1,1,1
BASE,W2,13,33,1,1,1
BASE,W2,13,34,1,1,1
BASE,W2,13,35,1,1,1
BASE,W2,13,36,1,1,1
BASE,W2,13,37,1,1,1
BASE,W2,14,1,1,1,1
BASE,W2,14,2,1,1,1
BASE,W2,14,3,1,1,1
BASE,W2,14,4,1,1,1
BASE,W2,14,5,1,1,1
BASE,W2,14,6,1,1,1
BASE,W2,14,7,1,1,1
BASE,W2,14,8,1,1,1
BASE,W2,14,9,1,1,1
BASE,W2,14,10,1,1,1
BASE,W2,14,11,1,1,1
BASE,W2,14,12,8,81,0
BASE,W2,14,13,1,1,1
BASE,W2,14,14,5,51,0
BASE,W2,14,15,5,51,0
BASE,W2,14,16,1,1,1
BASE,W2,14,17,1,1,1
BASE,W2,14,18,1,1,1
BASE,W2,14,19,1,1,1
BASE,W2,14,20,1,1,1
BASE,W2,14,21,1,1,1
BASE,W2,14,22,1,1,1
BASE,W2,14,23,1,1,1
BASE,W2,14,24,5,51,0
BASE,W2,14,25,1,1,1
BASE,W2,14,26,1,1,1
BASE,W2,14,27,5,51,0
BASE,W2,14,28,1,1,1
BASE,W2,14,29,1,1,1
BASE,W2,14,30,1,1,1
BASE,W2,14,31,1,1,1
BASE,W2,14,32,8,81,0
BASE,W2,14,33,1,1,1
BASE,W2,14,34,1,1,1
BASE,W2,14,35,5,51,0
BASE,W2,14,36,8,81,0
BASE,W2,14,37,1,1,1
BASE,W2,14,38,1,1,1
BASE,W2,15,1,1,1,1
BASE,W2,15,2,5,51,0
BASE,W2,15,3,1,1,1
BASE,W2,15,4,1,1,1
BASE,W2,15,5,1,1,1
BASE,W2,15,6,1,1,1
BASE,W2,15,7,1,1,1
BASE,W2,15,8,1,1,1
BASE,W2,15,9,1,1,1
BASE,W2,15,10,1,1,1
BASE,W2,15,11,1,1,1
BASE,W2,15,12,1,1,1
BASE,W2,15,13,1,1,1
BASE,W2,15,14,1,1,1
BASE,W2,15,15,1,1,1
BASE,W2,15,16,1,1,1
BASE,W2,15,17,1,1,1
BASE,W2,15,18,1,1,1
BASE,W2,15,19,1,1,1
BASE,W2,15,20,1,1,1
BASE,W2,15,21,1,1,1
BASE,W2,15,22,1,1,1
BASE,W2,15,23,1,1,1
BASE,W2,15,24,1,1,1
BASE,W2,15,25,1,1,1
BASE,W2,15,26,1,1,1
BASE,W2,15,27,1,1,1
BASE,W2,15,28,8,81,0
BASE,W2,15,29,1,1,1
BASE,W2,15,30,8,81,0
BASE,W2,15,31,1,1,1
BASE,W2,15,32,1,1,1
BASE,W2,15,33,1,1,1
BASE,W2,15,34,1,1,1
BASE,W2,15,35,1,1,1
BASE,W2,15,36,1,1,1
BASE,W2,15,37,1,1,1
BASE,W2,15,38,8,81,0
BASE,W2,16,1,5,51,0
BASE,W2,16,2,1,1,1
BASE,W2,16,3,1,1,1
BASE,W2,16,4,1,1,1
BASE,W2,16,5,1,1,1
BASE,W2,16,6,1,1,1
BASE,W2,16,7,1,1,1
BASE,W2,16,8,1,1,1
BASE,W2,16,9,5,51,0
BASE,W2,16,10,1,1,1
BASE,W2,16,11,8,81,0
BASE,W2,16,12,1,1,1
BASE,W2,16,13,1,1,1
BASE,W2,16,14,1,1,1
BASE,W2,16,15,1,1,1
BASE,W2,16,16,1,1,1
BASE,W2,16,17,1,1,1
BASE,W2,16,18,1,1,1
BASE,W2,16,19,1,1,1
BASE,W2,16,20,1,1,1
BASE,W2,16,21,1,1,1
BASE,W2,16,22,1,1,1
BASE,W2,16,23,1,1,1
BASE,W2,16,24,1,1,1
BASE,W2,16,25,1,1,1
BASE,W2,16,26,1,1,1
BASE,W2,16,27,1,1,1
BASE,W2,16,28,8,81,0
BASE,W2,16,29,1,1,1
BASE,W2,16,30,8,81,0
BASE,W2,16,31,1,1,1
BASE,W2,16,32,1,1,1
BASE,W2,16,33,1,1,1
BASE,W2,16,34,1,1,1
BASE,W2,16,35,1,1,1
BASE,W2,16,36,1,1,1
BASE,W2,16,37,1,1,1
BASE,W2,16,38,1,1,1
BASE,W2,17,1,1,1,1
BASE,W2,17,2,1,1,1
BASE,W2,17,3,1,1,1
BASE,W2,17,4,1,1,1
BASE,W2,17,5,1,1,1
BASE,W2,17,6,1,1,1
BASE,W2,17,7,1,1,1
BASE,W2,17,8,8,81,0
BASE,W2,17,9,1,1,1
BASE,W2,17,10,1,1,1
BASE,W2,17,11,1,1,1
BASE,W2,17,12,1,1,1
BASE,W2,17,13,5,51,0
BASE,W2,17,14,1,1,1
BASE,W2,17,15,1,1,1
BASE,W2,17,16,1,1,1
BASE,W2,17,17,1,1,1
BASE,W2,17,18,1,1,1
BASE,W2,17,19,1,1,1
BASE,W2,17,20,1,1,1
BASE,W2,17,21,1,1,1
BASE,W2,17,22,1,1,1
BASE,W2,17,23,1,1,1
BASE,W2,17,24,1,1,1
BASE,W2,17,25,1,1,1
BASE,W2,17,26,1,1,1
BASE,W2,17,27,5,51,0
BASE,W2,17,28,1,1,1
BASE,W2,17,29,1,1,1
BASE,W2,17,30,1,1,1
BASE,W2,17,31,1,1,1
BASE,W2,17,32,1,1,1
BASE,W2,17,33,1,1,1
BASE,W2,17,34,1,1,1
BASE,W2,17,35,1,1,1
BASE,W2,17,36,1,1,1
BASE,W2,17,37,1,1,1
BASE,W2,17,38,1,1,1
BASE,W2,18,1,1,1,1
BASE,W2,18,2,1,1,1
BASE,W2,18,3,1,1,1
BASE,W2,18,4,1,1,1
BASE,W2,18,5,1,1,1
BASE,W2,18,6,1,1,1
BASE,W2,18,7,1,1,1
BASE,W2,18,8,1,1,1
BASE,W2,18,9,1,1,1
BASE,W2,18,10,1,1,1
BASE,W2,18,11,1,1,1
BASE,W2,18,12,1,1,1
BASE,W2,18,13,1,1,1
BASE,W2,18,14,1,1,1
BASE,W2,18,15,1,1,1
BASE,W2,18,16,1,1,1
BASE,W2,18,17,1,1,1
BASE,W2,18,18,1,1,1
BASE,W2,18,19,1,1,1
BASE,W2,18,20,8,81,0
BASE,W2,18,21,1,1,1
BASE,W2,18,22,1,1,1
BASE,W2,18,23,1,1,1
BASE,W2,18,24,1,1,1
BASE,W2,18,25,5,51,0
BASE,W2,18,26,1,1,1
BASE,W2,18,27,1,1,1
BASE,W2,18,28,1,1,1
BASE,W2,18,29,1,1,1
BASE,W2,18,30,1,1,1
BASE,W2,18,31,1,1,1
BASE,W2,18,32,1,1,1
BASE,W2,18,33,1,1,1
BASE,W2,18,34,1,1,1
BASE,W2,18,35,1,1,1
BASE,W2,18,36,1,1,1
BASE,W2,18,37,1,1,1
BASE,W2,18,38,1,1,1
BASE,W2,19,1,1,1,1
BASE,W2,19,2,1,1,1
BASE,W2,19,3,1,1,1
BASE,W2,19,4,1,1,1
BASE,W2,19,5,1,1,1
BASE,W2,19,6,8,81,0
BASE,W2,19,7,1,1,1
BASE,W2,19,8,1,1,1
BASE,W2,19,9,1,1,1
BASE,W2,19,10,1,1,1
BASE,W2,19,11,5,51,0
BASE,W2,19,12,1,1,1
BASE,W2,19,13,1,1,1
BASE,W2,19,14,1,1,1
BASE,W2,19,15,1,1,1
BASE,W2,19,16,1,1,1
BASE,W2,19,17,1,1,1
BASE,W2,19,18,1,1,1
BASE,W2,19,19,1,1,1
BASE,W2,19,20,1,1,1
BASE,W2,19,21,1,1,1
BASE,W2,19,22,1,1,1
BASE,W2,19,23,1,1,1
BASE,W2,19,24,1,1,1
BASE,W2,19,25,1,1,1
BASE,W2,19,26,1,1,1
BASE,W2,19,27,1,1,1
BASE,W2,19,28,5,51,0
BASE,W2,19,29,1,1,1
BASE,W2,19,30,1,1,1
BASE,W2,19,31,5,51,0
BASE,W2,19,32,1,1,1
BASE,W2,19,33,1,1,1
BASE,W2,19,34,5,51,0
BASE,W2,19,35,1,1,1
BASE,W2,19,36,1,1,1
BASE,W2,19,37,1,1,1
BASE,W2,19,38,1,1,1
BASE,W2,20,1,1,1,1
BASE,W2,20,2,1,1,1
BASE,W2,20,3,1,1,1
BASE,W2,20,4,1,1,1
BASE,W2,20,5,1,1,1
BASE,W2,20,6,1,1,1
BASE,W2,20,7,1,1,1
BASE,W2,20,8,1,1,1
BASE,W2,20,9,1,1,1
BASE,W2,20,10,1,1,1
BASE,W2,20,11,1,1,1
BASE,W2,20,12,1,1,1
BASE,W2,20,13,1,1,1
BASE,W2,20,14,1,1,1
BASE,W2,20,15,1,1,1
BASE,W2,20,16,1,1,1
BASE,W2,20,17,1,1,1
BASE,W2,20,18,1,1,1
BASE,W2,20,19,1,1,1
BASE,W2,20,20,1,1,1
BASE,W2,20,21,1,1,1
BASE,W2,20,22,1,1,1
BASE,W2,20,23,1,1,1
BASE,W2,20,24,1,1,1
BASE,W2,20,25,1,1,1
BASE,W2,20,26,1,1,1
BASE,W2,20,27,1,1,1
BASE,W2,20,28,1,1,1
BASE,W2,20,29,1,1,1
BASE,W2,20,30,1,1,1
BASE,W2,20,31,1,1,1
BASE,W2,20,32,8,81,0
BASE,W2,20,33,8,81,0
BASE,W2,20,34,1,1,1
BASE,W2,20,35,1,1,1
BASE,W2,20,36,1,1,1
BASE,W2,20,37,1,1,1
BASE,W2,20,38,1,1,1
BASE,W2,21,1,1,1,1
BASE,W2,21,2,1,1,1
BASE,W2,21,3,1,1,1
BASE,W2,21,4,1,1,1
BASE,W2,21,5,1,1,1
BASE,W2,21,6,1,1,1
BASE,W2,21,7,1,1,1
BASE,W2,21,8,1,1,1
BASE,W2,21,9,1,1,1
BASE,W2,21,10,1,1,1
BASE,W2,21,11,5,51,0
BASE,W2,21,12,1,1,1
BASE,W2,21,13,1,1,1
BASE,W2,21,14,1,1,1
BASE,W2,21,15,1,1,1
BASE,W2,21,16,1,1,1
BASE,W2,21,17,1,1,1
BASE,W2,21,18,1,1,1
BASE,W2,21,19,1,1,1
BASE,W2,21,20,1,1,1
BASE,W2,21,21,1,1,1
BASE,W2,21,22,1,1,1
BASE,W2,21,23,1,1,1
BASE,W2,21,24,1,1,1
BASE,W2,21,25,1,1,1
BASE,W2,21,26,1,1,1
BASE,W2,21,27,1,1,1
BASE,W2,21,28,1,1,1
BASE,W2,21,29,1,1,1
BASE,W2,21,30,1,1,1
BASE,W2,21,31,1,1,1
BASE,W2,21,32,1,1,1
BASE,W2,21,33,1,1,1
BASE,W2,21,34,1,1,1
BASE,W2,21,35,1,1,1
BASE,W2,21,36,1,1,1
BASE,W2,21,37,1,1,1
BASE,W2,21,38,1,1,1
BASE,W2,22,1,1,1,1
BASE,W2,22,2,1,1,1
BASE,W2,22,3,1,1,1
BASE,W2,22,4,8,81,0
BASE,W2,22,5,1,1,1
BASE,W2,22,6,1,1,1
BASE,W2,22,7,1,1,1
BASE,W2,22,8,8,81,0
BASE,W2,22,9,1,1,1
BASE,W2,22,10,1,1,1
BASE,W2,22,11,1,1,1
BASE,W2,22,12,1,1,1
BASE,W2,22,13,1,1,1
BASE,W2,22,14,1,1,1
BASE,W2,22,15,1,1,1
BASE,W2,22,16,1,1,1
BASE,W2,22,17,1,1,1
BASE,W2,22,18,1,1,1
BASE,W2,22,19,1,1,1
BASE,W2,22,20,1,1,1
BASE,W2,22,21,1,1,1
BASE,W2,22,22,1,1,1
BASE,W2,22,23,1,1,1
BASE,W2,22,24,1,1,1
BASE,W2,22,25,1,1,1
BASE,W2,22,26,1,1,1
BASE,W2,22,27,1,1,1
BASE,W2,22,28,1,1,1
BASE,W2,22,29,1,1,1
BASE,W2,22,30,1,1,1
BASE,W2,22,31,1,1,1
BASE,W2,22,32,1,1,1
BASE,W2,22,33,1,1,1
BASE,W2,22,34,1,1,1
BASE,W2,22,35,5,51,0
BASE,W2,22,36,1,1,1
BASE,W2,22,37,1,1,1
BASE,W2,22,38,8,81,0
BASE,W2,23,1,1,1,1
BASE,W2,23,2,1,1,1
BASE,W2,23,3,5,51,0
BASE,W2,23,4,1,1,1
BASE,W2,23,5,1,1,1
BASE,W2,23,6,1,1,1
BASE,W2,23,7,1,1,1
BASE,W2,23,8,5,51,0
BASE,W2,23,9,1,1,1
BASE,W2,23,10,1,1,1
BASE,W2,23,11,1,1,1
BASE,W2,23,12,5,51,0
BASE,W2,23,13,1,1,1
BASE,W2,23,14,1,1,1
BASE,W2,23,15,1,1,1
BASE,W2,23,16,1,1,1
BASE,W2,23,17,5,51,0
BASE,W2,23,18,1,1,1
BASE,W2,23,19,1,1,1
BASE,W2,23,20,5,51,0
BASE,W2,23,21,5,51,0
BASE,W2,23,22,1,1,1
BASE,W2,23,23,1,1,1
BASE,W2,23,24,1,1,1
BASE,W2,23,25,1,1,1
BASE,W2,23,26,1,1,1
BASE,W2,23,27,1,1,1
BASE,W2,23,28,1,1,1
BASE,W2,23,29,1,1,1
BASE,W2,23,30,1,1,1
BASE,W2,23,31,1,1,1
BASE,W2,23,32,8,81,0
BASE,W2,23,33,1,1,1
BASE,W2,23,34,1,1,1
BASE,W2,23,35,1,1,1
BASE,W2,23,36,1,1,1
BASE,W2,23,37,1,1,1
BASE,W2,23,38,1,1,1
BASE,W2,24,1,1,1,1
BASE,W2,24,2,1,1,1
BASE,W2,24,3,1,1,1
BASE,W2,24,4,1,1,1
BASE,W2,24,5,1,1,1
BASE,W2,24,6,1,1,1
BASE,W2,24,7,1,1,1
BASE,W2,24,8,1,1,1
BASE,W2,24,9,1,1,1
BASE,W2,24,10,1,1,1
BASE,W2,24,11,1,1,1
BASE,W2,24,12,1,1,1
BASE,W2,24,13,1,1,1
BASE,W2,24,14,1,1,1
BASE,W2,24,15,1,1,1
BASE,W2,24,16,1,1,1
BASE,W2,24,17,1,1,1
BASE,W2,24,18,1,1,1
BASE,W2,24,19,1,1,1
BASE,W2,24,20,1,1,1
BASE,W2,24,21,1,1,1
BASE,W2,24,22,1,1,1
BASE,W2,24,23,1,1,1
BASE,W2,24,24,1,1,1
BASE,W2,24,25,1,1,1
BASE,W2,24,26,1,1,1
BASE,W2,24,27,1,1,1
BASE,W2,24,28,1,1,1
BASE,W2,24,29,1,1,1
BASE,W2,24,30,1,1,1
BASE,W2,24,31,1,1,1
BASE,W2,24,32,1,1,1
BASE,W2,24,33,1,1,1
BASE,W2,24,34,1,1,1
BASE,W2,24,35,1,1,1
BASE,W2,24,36,1,1,1
BASE,W2,24,37,1,1,1
BASE,W2,24,38,1,1,1
BASE,W2,25,1,1,1,1
BASE,W2,25,2,1,1,1
BASE,W2,25,3,1,1,1
BASE,W2,25,4,1,1,1
BASE,W2,25,5,1,1,1
BASE,W2,25,6,1,1,1
BASE,W2,25,7,1,1,1
BASE,W2,25,8,1,1,1
BASE,W2,25,9,1,1,1
BASE,W2,25,10,1,1,1
BASE,W2,25,11,1,1,1
BASE,W2,25,12,1,1,1
BASE,W2,25,13,1,1,1
BASE,W2,25,14,5,51,0
BASE,W2,25,15,1,1,1
BASE,W2,25,16,1,1,1
BASE,W2,25,17,5,51,0
BASE,W2,25,18,1,1,1
BASE,W2,25,19,1,1,1
BASE,W2,25,20,1,1,1
BASE,W2,25,21,1,1,1
BASE,W2,25,22,1,1,1
BASE,W2,25,23,8,81,0
BASE,W2,25,24,1,1,1
BASE,W2,25,25,1,1,1
BASE,W2,25,26,1,1,1
BASE,W2,25,27,1,1,1
BASE,W2,25,28,5,51,0
BASE,W2,25,29,1,1,1
BASE,W2,25,30,1,1,1
BASE,W2,25,31,1,1,1
BASE,W2,25,32,1,1,1
BASE,W2,25,33,1,1,1
BASE,W2,25,34,1,1,1
BASE,W2,25,35,1,1,1
BASE,W2,25,36,1,1,1
BASE,W2,25,37,1,1,1
BASE,W2,25,38,1,1,1
BASE,W2,26,2,1,1,1
BASE,W2,26,3,1,1,1
BASE,W2,26,4,1,1,1
BASE,W2,26,5,1,1,1
BASE,W2,26,6,1,1,1
BASE,W2,26,7,1,1,1
BASE,W2,26,8,1,1,1
BASE,W2,26,9,1,1,1
BASE,W2,26,10,1,1,1
BASE,W2,26,11,5,51,0
BASE,W2,26,12,1,1,1
BASE,W2,26,13,1,1,1
BASE,W2,26,14,1,1,1
BASE,W2,26,15,1,1,1
BASE,W2,26,16,1,1,1
BASE,W2,26,17,1,1,1
BASE,W2,26,18,1,1,1
BASE,W2,26,19,1,1,1
BASE,W2,26,20,1,1,1
BASE,W2,26,21,1,1,1
BASE,W2,26,22,1,1,1
BASE,W2,26,23,1,1,1
BASE,W2,26,24,5,51,0
BASE,W2,26,25,1,1,1
BASE,W2,26,26,1,1,1
BASE,W2,26,27,1,1,1
BASE,W2,26,28,1,1,1
BASE,W2,26,29,1,1,1
BASE,W2,26,30,5,51,0
BASE,W2,26,31,1,1,1
BASE,W2,26,32,1,1,1
BASE,W2,26,33,1,1,1
BASE,W2,26,34,5,51,0
BASE,W2,26,35,1,1,1
BASE,W2,26,36,1,1,1
BASE,W2,26,37,1,1,1
BASE,W2,27,2,1,1,1
BASE,W2,27,3,1,1,1
BASE,W2,27,4,1,1,1
BASE,W2,27,5,1,1,1
BASE,W2,27,6,1,1,1
BASE,W2,27,7,5,51,0
BASE,W2,27,8,1,1,1
BASE,W2,27,9,5,51,0
BASE,W2,27,10,1,1,1
BASE,W2,27,11,1,1,1
BASE,W2,27,12,1,1,1
BASE,W2,27,13,1,1,1
BASE,W2,27,14,5,51,0
BASE,W2,27,15,1,1,1
BASE,W2,27,16,1,1,1
BASE,W2,27,17,1,1,1
BASE,W2,27,18,1,1,1
BASE,W2,27,19,1,1,1
BASE,W2,27,20,5,51,0
BASE,W2,27,21,1,1,1
BASE,W2,27,22,1,1,1
BASE,W2,27,23,1,1,1
BASE,W2,27,24,1,1,1
BASE,W2,27,25,1,1,1
BASE,W2,27,26,1,1,1
BASE,W2,27,27,1,1,1
BASE,W2,27,28,1,1,1
BASE,W2,27,29,5,51,0
BASE,W2,27,30,8,81,0
BASE,W2,27,31,1,1,1
BASE,W2,27,32,1,1,1
BASE,W2,27,33,1,1,1
BASE,W2,27,34,5,51,0
BASE,W2,27,35,1,1,1
BASE,W2,27,36,1,1,1
BASE,W2,27,37,1,1,1
BASE,W2,28,2,1,1,1
BASE,W2,28,3,1,1,1
BASE,W2,28,4,1,1,1
BASE,W2,28,5,1,1,1
BASE,W2,28,6,1,1,1
BASE,W2,28,7,1,1,1
BASE,W2,28,8,1,1,1
BASE,W2,28,9,1,1,1
BASE,W2,28,10,1,1,1
BASE,W2,28,11,1,1,1
BASE,W2,28,12,1,1,1
BASE,W2,28,13,1,1,1
BASE,W2,28,14,1,1,1
BASE,W2,28,15,1,1,1
BASE,W2,28,16,1,1,1
BASE,W2,28,17,1,1,1
BASE,W2,28,18,1,1,1
BASE,W2,28,19,1,1,1
BASE,W2,28,20,1,1,1
BASE,W2,28,21,1,1,1
BASE,W2,28,22,1,1,1
BASE,W2,28,23,1,1,1
BASE,W2,28,24,1,1,1
BASE,W2,28,25,1,1,1
BASE,W2,28,26,1,1,1
BASE,W2,28,27,1,1,1
BASE,W2,28,28,1,1,1
BASE,W2,28,29,1,1,1
BASE,W2,28,30,1,1,1
BASE,W2,28,31,5,51,0
BASE,W2,28,32,1,1,1
BASE,W2,28,33,1,1,1
BASE,W2,28,34,1,1,1
BASE,W2,28,35,8,81,0
BASE,W2,28,36,1,1,1
BASE,W2,28,37,1,1,1
BASE,W2,29,3,5,51,0
BASE,W2,29,4,1,1,1
BASE,W2,29,5,1,1,1
BASE,W2,29,6,1,1,1
BASE,W2,29,7,1,1,1
BASE,W2,29,8,5,51,0
BASE,W2,29,9,1,1,1
BASE,W2,29,10,1,1,1
BASE,W2,29,11,1,1,1
BASE,W2,29,12,1,1,1
BASE,W2,29,13,5,51,0
BASE,W2,29,14,1,1,1
BASE,W2,29,15,1,1,1
BASE,W2,29,16,1,1,1
BASE,W2,29,17,8,81,0
BASE,W2,29,18,1,1,1
BASE,W2,29,19,1,1,1
BASE,W2,29,20,1,1,1
BASE,W2,29,21,8,81,0
BASE,W2,29,22,1,1,1
BASE,W2,29,23,1,1,1
BASE,W2,29,24,1,1,1
BASE,W2,29,25,1,1,1
BASE,W2,29,26,1,1,1
BASE,W2,29,27,1,1,1
BASE,W2,29,28,5,51,0
BASE,W2,29,29,1,1,1
BASE,W2,29,30,1,1,1
BASE,W2,29,31,1,1,1
BASE,W2,29,32,1,1,1
BASE,W2,29,33,1,1,1
BASE,W2,29,34,1,1,1
BASE,W2,29,35,1,1,1
BASE,W2,29,36,1,1,1
BASE,W2,30,4,1,1,1
BASE,W2,30,5,1,1,1
BASE,W2,30,6,1,1,1
BASE,W2,30,7,1,1,1
BASE,W2,30,8,5,51,0
BASE,W2,30,9,1,1,1
BASE,W2,30,10,1,1,1
BASE,W2,30,11,1,1,1
BASE,W2,30,12,1,1,1
BASE,W2,30,13,1,1,1
BASE,W2,30,14,1,1,1
BASE,W2,30,15,1,1,1
BASE,W2,30,16,1,1,1
BASE,W2,30,17,1,1,1
BASE,W2,30,18,1,1,1
BASE,W2,30,19,1,1,1
BASE,W2,30,20,1,1,1
BASE,W2,30,21,1,1,1
BASE,W2,30,22,1,1,1
BASE,W2,30,23,1,1,1
BASE,W2,30,24,1,1,1
BASE,W2,30,25,5,51,0
BASE,W2,30,26,1,1,1
BASE,W2,30,27,5,51,0
BASE,W2,30,28,1,1,1
BASE,W2,30,29,1,1,1
BASE,W2,30,30,1,1,1
BASE,W2,30,31,1,1,1
BASE,W2,30,32,1,1,1
BASE,W2,30,33,1,1,1
BASE,W2,30,34,1,1,1
BASE,W2,30,35,1,1,1
BASE,W2,31,4,1,1,1
BASE,W2,31,5,1,1,1
BASE,W2,31,6,1,1,1
BASE,W2,31,7,1,1,1
BASE,W2,31,8,5,51,0
BASE,W2,31,9,1,1,1
BASE,W2,31,10,1,1,1
BASE,W2,31,11,1,1,1
BASE,W2,31,12,1,1,1
BASE,W2,31,13,1,1,1
BASE,W2,31,14,1,1,1
BASE,W2,31,15,1,1,1
BASE,W2,31,16,1,1,1
BASE,W2,31,17,1,1,1
BASE,W2,31,18,1,1,1
BASE,W2,31,19,1,1,1
BASE,W2,31,20,1,1,1
BASE,W2,31,21,1,1,1
BASE,W2,31,22,1,1,1
BASE,W2,31,23,1,1,1
BASE,W2,31,24,1,1,1
BASE,W2,31,25,1,1,1
BASE,W2,31,26,1,1,1
BASE,W2,31,27,1,1,1
BASE,W2,31,28,1,1,1
BASE,W2,31,29,1,1,1
BASE,W2,31,30,1,1,1
BASE,W2,31,31,1,1,1
BASE,W2,31,32,1,1,1
BASE,W2,31,33,1,1,1
BASE,W2,31,34,1,1,1
BASE,W2,31,35,1,1,1
BASE,W2,32,5,1,1,1
BASE,W2,32,6,1,1,1
BASE,W2,32,7,1,1,1
BASE,W2,32,8,1,1,1
BASE,W2,32,9,1,1,1
BASE,W2,32,10,1,1,1
BASE,W2,32,11,1,1,1
BASE,W2,32,12,1,1,1
BASE,W2,32,13,1,1,1
BASE,W2,32,14,1,1,1
BASE,W2,32,15,1,1,1
BASE,W2,32,16,1,1,1
BASE,W2,32,17,1,1,1
BASE,W2,32,18,1,1,1
BASE,W2,32,19,1,1,1
BASE,W2,32,20,1,1,1
BASE,W2,32,21,1,1,1
BASE,W2,32,22,1,1,1
BASE,W2,32,23,1,1,1
BASE,W2,32,24,1,1,1
BASE,W2,32,25,1,1,1
BASE,W2,32,26,1,1,1
BASE,W2,32,27,1,1,1
BASE,W2,32,28,1,1,1
BASE,W2,32,29,5,51,0
BASE,W2,32,30,1,1,1
BASE,W2,32,31,1,1,1
BASE,W2,32,32,1,1,1
BASE,W2,32,33,8,81,0
BASE,W2,32,34,1,1,1
BASE,W2,33,6,1,1,1
BASE,W2,33,7,1,1,1
BASE,W2,33,8,1,1,1
BASE,W2,33,9,1,1,1
BASE,W2,33,10,1,1,1
BASE,W2,33,11,1,1,1
BASE,W2,33,12,1,1,1
BASE,W2,33,13,1,1,1
BASE,W2,33,14,1,1,1
BASE,W2,33,15,1,1,1
BASE,W2,33,16,5,51,0
BASE,W2,33,17,1,1,1
BASE,W2,33,18,1,1,1
BASE,W2,33,19,1,1,1
BASE,W2,33,20,1,1,1
BASE,W2,33,21,1,1,1
BASE,W2,33,22,1,1,1
BASE,W2,33,23,1,1,1
BASE,W2,33,24,1,1,1
BASE,W2,33,25,1,1,1
BASE,W2,33,26,1,1,1
BASE,W2,33,27,1,1,1
BASE,W2,33,28,1,1,1
BASE,W2,33,29,1,1,1
BASE,W2,33,30,1,1,1
BASE,W2,33,31,5,51,0
BASE,W2,33,32,1,1,1
BASE,W2,33,33,1,1,1
BASE,W2,34,7,5,51,0
BASE,W2,34,8,1,1,1
BASE,W2,34,9,1,1,1
BASE,W2,34,10,1,1,1
BASE,W2,34,11,1,1,1
BASE,W2,34,12,1,1,1
BASE,W2,34,13,1,1,1
BASE,W2,34,14,1,1,1
BASE,W2,34,15,1,1,1
BASE,W2,34,16,1,1,1
BASE,W2,34,17,1,1,1
BASE,W2,34,18,1,1,1
BASE,W2,34,19,1,1,1
BASE,W2,34,20,1,1,1
BASE,W2,34,21,1,1,1
BASE,W2,34,22,5,51,0
BASE,W2,34,23,1,1,1
BASE,W2,34,24,1,1,1
BASE,W2,34,25,1,1,1
BASE,W2,34,26,1,1,1
BASE,W2,34,27,1,1,1
BASE,W2,34,28,1,1,1
BASE,W2,34,29,1,1,1
BASE,W2,34,30,1,1,1
BASE,W2,34,31,1,1,1
BASE,W2,34,32,1,1,1
BASE,W2,35,8,1,1,1
BASE,W2,35,9,1,1,1
BASE,W2,35,10,5,51,0
BASE,W2,35,11,1,1,1
BASE,W2,35,12,1,1,1
BASE,W2,35,13,1,1,1
BASE,W2,35,14,1,1,1
BASE,W2,35,15,1,1,1
BASE,W2,35,16,5,51,0
BASE,W2,35,17,1,1,1
BASE,W2,35,18,1,1,1
BASE,W2,35,19,1,1,1
BASE,W2,35,20,1,1,1
BASE,W2,35,21,1,1,1
BASE,W2,35,22,1,1,1
BASE,W2,35,23,1,1,1
BASE,W2,35,24,1,1,1
BASE,W2,35,25,1,1,1
BASE,W2,35,26,5,51,0
BASE,W2,35,27,1,1,1
BASE,W2,35,28,1,1,1
BASE,W2,35,29,1,1,1
BASE,W2,35,30,1,1,1
BASE,W2,35,31,1,1,1
BASE,W2,36,10,1,1,1
BASE,W2,36,11,1,1,1
BASE,W2,36,12,1,1,1
BASE,W2,36,13,1,1,1
BASE,W2,36,14,1,1,1
BASE,W2,36,15,1,1,1
BASE,W2,36,16,1,1,1
BASE,W2,36,17,1,1,1
BASE,W2,36,18,1,1,1
BASE,W2,36,19,1,1,1
BASE,W2,36,20,1,1,1
BASE,W2,36,21,1,1,1
BASE,W2,36,22,1,1,1
BASE,W2,36,23,1,1,1
BASE,W2,36,24,1,1,1
BASE,W2,36,25,1,1,1
BASE,W2,36,26,1,1,1
BASE,W2,36,27,1,1,1
BASE,W2,36,28,1,1,1
BASE,W2,36,29,1,1,1
BASE,W2,37,11,1,1,1
BASE,W2,37,12,1,1,1
BASE,W2,37,13,1,1,1
BASE,W2,37,14,1,1,1
BASE,W2,37,15,1,1,1
BASE,W2,37,16,1,1,1
BASE,W2,37,17,1,1,1
BASE,W2,37,18,1,1,1
BASE,W2,37,19,1,1,1
BASE,W2,37,20,1,1,1
BASE,W2,37,21,1,1,1
BASE,W2,37,22,1,1,1
BASE,W2,37,23,1,1,1
BASE,W2,37,24,1,1,1
BASE,W2,37,25,1,1,1
BASE,W2,37,26,1,1,1
BASE,W2,37,27,1,1,1
BASE,W2,37,28,1,1,1
BASE,W2,38,14,1,1,1
BASE,W2,38,15,1,1,1
BASE,W2,38,16,1,1,1
BASE,W2,38,17,1,1,1
BASE,W2,38,18,1,1,1
BASE,W2,38,19,1,1,1
BASE,W2,38,20,1,1,1
BASE,W2,38,21,1,1,1
BASE,W2,38,22,5,51,0
BASE,W2,38,23,1,1,1
BASE,W2,38,24,1,1,1
BASE,W2,38,25,1,1,1
BASE,W3,1,14,1,1,1
BASE,W3,1,15,1,1,1
BASE,W3,1,16,1,1,1
BASE,W3,1,17,1,1,1
BASE,W3,1,18,1,1,1
BASE,W3,1,19,1,1,1
BASE,W3,1,20,1,1,1
BASE,W3,1,21,1,1,1
BASE,W3,1,22,1,1,1
BASE,W3,1,23,5,51,0
BASE,W3,1,24,5,51,0
BASE,W3,1,25,1,1,1
BASE,W3,2,11,1,1,1
BASE,W3,2,12,1,1,1
BASE,W3,2,13,1,1,1
BASE,W3,2,14,1,1,1
BASE,W3,2,15,1,1,1
BASE,W3,2,16,1,1,1
BASE,W3,2,17,1,1,1
BASE,W3,2,18,8,81,0
BASE,W3,2,19,1,1,1
BASE,W3,2,20,1,1,1
BASE,W3,2,21,1,1,1
BASE,W3,2,22,1,1,1
BASE,W3,2,23,1,1,1
BASE,W3,2,24,1,1,1
BASE,W3,2,25,1,1,1
BASE,W3,2,26,1,1,1
BASE,W3,2,27,1,1,1
BASE,W3,2,28,1,1,1
BASE,W3,3,10,1,1,1
BASE,W3,3,11,1,1,1
BASE,W3,3,12,1,1,1
BASE,W3,3,13,1,1,1
BASE,W3,3,14,1,1,1
BASE,W3,3,15,1,1,1
BASE,W3,3,16,1,1,1
BASE,W3,3,17,1,1,1
BASE,W3,3,18,5,51,0
BASE,W3,3,19,5,51,0
BASE,W3,3,20,1,1,1
BASE,W3,3,21,1,1,1
BASE,W3,3,22,1,1,1
BASE,W3,3,23,1,1,1
BASE,W3,3,24,1,1,1
BASE,W3,3,25,1,1,1
BASE,W3,3,26,1,1,1
BASE,W3,3,27,1,1,1
BASE,W3,3,28,1,1,1
BASE,W3,3,29,1,1,1
BASE,W3,4,8,1,1,1
BASE,W3,4,9,1,1,1
BASE,W3,4,10,5,51,0
BASE,W3,4,11,1,1,1
BASE,W3,4,12,1,1,1
BASE,W3,4,13,1,1,1
BASE,W3,4,14,1,1,1
BASE,W3,4,15,1,1,1
BASE,W3,4,16,1,1,1
BASE,W3,4,17,1,1,1
BASE,W3,4,18,1,1,1
BASE,W3,4,19,1,1,1
BASE,W3,4,20,1,1,1
BASE,W3,4,21,1,1,1
BASE,W3,4,22,1,1,1
BASE,W3,4,23,1,1,1
BASE,W3,4,24,1,1,1
BASE,W3,4,25,1,1,1
BASE,W3,4,26,1,1,1
BASE,W3,4,27,1,1,1
BASE,W3,4,28,1,1,1
BASE,W3,4,29,1,1,1
BASE,W3,4,30,1,1,1
BASE,W3,4,31,5,51,0
BASE,W3,5,7,1,1,1
BASE,W3,5,8,1,1,1
BASE,W3,5,9,1,1,1
BASE,W3,5,10,1,1,1
BASE,W3,5,11,1,1,1
BASE,W3,5,12,1,1,1
BASE,W3,5,13,1,1,1
BASE,W3,5,14,1,1,1
BASE,W3,5,15,1,1,1
BASE,W3,5,16,1,1,1
BASE,W3,5,17,5,51,0
BASE,W3,5,18,1,1,1
BASE,W3,5,19,1,1,1
BASE,W3,5,20,1,1,1
BASE,W3,5,21,1,1,1
BASE,W3,5,22,5,51,0
BASE,W3,5,23,1,1,1
BASE,W3,5,24,1,1,1
BASE,W3,5,25,1,1,1
BASE,W3,5,26,1,1,1
BASE,W3,5,27,1,1,1
BASE,W3,5,28,1,1,1
BASE,W3,5,29,5,51,0
BASE,W3,5,30,5,51,0
BASE,W3,5,31,1,1,1
BASE,W3,5,32,1,1,1
BASE,W3,6,6,1,1,1
BASE,W3,6,7,1,1,1
BASE,W3,6,8,1,1,1
BASE,W3,6,9,1,1,1
BASE,W3,6,10,1,1,1
BASE,W3,6,11,1,1,1
BASE,W3,6,12,5,51,0
BASE,W3,6,13,1,1,1
BASE,W3,6,14,1,1,1
BASE,W3,6,15,1,1,1
BASE,W3,6,16,5,51,0
BASE,W3,6,17,1,1,1
BASE,W3,6,18,1,1,1
BASE,W3,6,19,1,1,1
BASE,W3,6,20,1,1,1
BASE,W3,6,21,1,1,1
BASE,W3,6,22,1,1,1
BASE,W3,6,23,1,1,1
BASE,W3,6,24,1,1,1
BASE,W3,6,25,1,1,1
BASE,W3,6,26,1,1,1
BASE,W3,6,27,5,51,0
BASE,W3,6,28,5,51,0
BASE,W3,6,29,1,1,1
BASE,W3,6,30,1,1,1
BASE,W3,6,31,1,1,1
BASE,W3,6,32,5,51,0
BASE,W3,6,33,1,1,1
BASE,W3,7,5,1,1,1
BASE,W3,7,6,1,1,1
BASE,W3,7,7,1,1,1
BASE,W3,7,8,1,1,1
BASE,W3,7,9,1,1,1
BASE,W3,7,10,1,1,1
BASE,W3,7,11,1,1,1
BASE,W3,7,12,1,1,1
BASE,W3,7,13,1,1,1
BASE,W3,7,14,1,1,1
BASE,W3,7,15,1,1,1
BASE,W3,7,16,1,1,1
BASE,W3,7,17,1,1,1
BASE,W3,7,18,1,1,1
BASE,W3,7,19,1,1,1
BASE,W3,7,20,1,1,1
BASE,W3,7,21,1,1,1
BASE,W3,7,22,1,1,1
BASE,W3,7,23,1,1,1
BASE,W3,7,24,1,1,1
BASE,W3,7,25,1,1,1
BASE,W3,7,26,1,1,1
BASE,W3,7,27,1,1,1
BASE,W3,7,28,1,1,1
BASE,W3,7,29,1,1,1
BASE,W3,7,30,1,1,1
BASE,W3,7,31,1,1,1
BASE,W3,7,32,1,1,1
BASE,W3,7,33,1,1,1
BASE,W3,7,34,1,1,1
BASE,W3,8,4,1,1,1
BASE,W3,8,5,1,1,1
BASE,W3,8,6,1,1,1
BASE,W3,8,7,1,1,1
BASE,W3,8,8,1,1,1
BASE,W3,8,9,1,1,1
BASE,W3,8,10,1,1,1
BASE,W3,8,11,1,1,1
BASE,W3,8,12,1,1,1
BASE,W3,8,13,1,1,1
BASE,W3,8,14,1,1,1
BASE,W3,8,15,5,51,0
BASE,W3,8,16,1,1,1
BASE,W3,8,17,1,1,1
BASE,W3,8,18,1,1,1
BASE,W3,8,19,1,1,1
BASE,W3,8,20,1,1,1
BASE,W3,8,21,1,1,1
BASE,W3,8,22,1,1,1
BASE,W3,8,23,1,1,1
BASE,W3,8,24,5,51,0
BASE,W3,8,25,1,1,1
BASE,W3,8,26,1,1,1
BASE,W3,8,27,1,1,1
BASE,W3,8,28,1,1,1
BASE,W3,8,29,1,1,1
BASE,W3,8,30,1,1,1
BASE,W3,8,31,1,1,1
BASE,W3,8,32,1,1,1
BASE,W3,8,33,1,1,1
BASE,W3,8,34,1,1,1
BASE,W3,8,35,1,1,1
BASE,W3,9,4,1,1,1
BASE,W3,9,5,1,1,1
BASE,W3,9,6,1,1,1
BASE,W3,9,7,1,1,1
BASE,W3,9,8,1,1,1
BASE,W3,9,9,1,1,1
BASE,W3,9,10,1,1,1
BASE,W3,9,11,1,1,1
BASE,W3,9,12,1,1,1
BASE,W3,9,13,1,1,1
BASE,W3,9,14,1,1,1
BASE,W3,9,15,1,1,1
BASE,W3,9,16,5,51,0
BASE,W3,9,17,1,1,1
BASE,W3,9,18,1,1,1
BASE,W3,9,19,1,1,1
BASE,W3,9,20,1,1,1
BASE,W3,9,21,1,1,1
BASE,W3,9,22,1,1,1
BASE,W3,9,23,1,1,1
BASE,W3,9,24,1,1,1
BASE,W3,9,25,1,1,1
BASE,W3,9,26,1,1,1
BASE,W3,9,27,1,1,1
BASE,W3,9,28,1,1,1
BASE,W3,9,29,5,51,0
BASE,W3,9,30,1,1,1
BASE,W3,9,31,1,1,1
BASE,W3,9,32,1,1,1
BASE,W3,9,33,1,1,1
BASE,W3,9,34,1,1,1
BASE,W3,9,35,1,1,1
BASE,W3,10,3,1,1,1
BASE,W3,10,4,8,81,0
BASE,W3,10,5,1,1,1
BASE,W3,10,6,1,1,1
BASE,W3,10,7,8,81,0
BASE,W3,10,8,1,1,1
BASE,W3,10,9,1,1,1
BASE,W3,10,10,1,1,1
BASE,W3,10,11,1,1,1
BASE,W3,10,12,1,1,1
BASE,W3,10,13,1,1,1
BASE,W3,10,14,1,1,1
BASE,W3,10,15,1,1,1
BASE,W3,10,16,1,1,1
BASE,W3,10,17,1,1,1
BASE,W3,10,18,1,1,1
BASE,W3,10,19,1,1,1
BASE,W3,10,20,5,51,0
BASE,W3,10,21,1,1,1
BASE,W3,10,22,1,1,1
BASE,W3,10,23,1,1,1
BASE,W3,10,24,5,51,0
BASE,W3,10,25,1,1,1
BASE,W3,10,26,8,81,0
BASE,W3,10,27,1,1,1
BASE,W3,10,28,1,1,1
BASE,W3,10,29,8,81,0
BASE,W3,10,30,1,1,1
BASE,W3,10,31,1,1,1
BASE,W3,10,32,1,1,1
BASE,W3,10,33,5,51,0
BASE,W3,10,34,1,1,1
BASE,W3,10,35,1,1,1
BASE,W3,10,36,1,1,1
BASE,W3,11,2,1,1,1
BASE,W3,11,3,1,1,1
BASE,W3,11,4,1,1,1
BASE,W3,11,5,1,1,1
BASE,W3,11,6,1,1,1
BASE,W3,11,7,1,1,1
BASE,W3,11,8,1,1,1
BASE,W3,11,9,1,1,1
BASE,W3,11,10,1,1,1
BASE,W3,11,11,1,1,1
BASE,W3,11,12,1,1,1
BASE,W3,11,13,1,1,1
BASE,W3,11,14,1,1,1
BASE,W3,11,15,1,1,1
BASE,W3,11,16,1,1,1
BASE,W3,11,17,1,1,1
BASE,W3,11,18,1,1,1
BASE,W3,11,19,1,1,1
BASE,W3,11,20,1,1,1
BASE,W3,11,21,1,1,1
BASE,W3,11,22,1,1,1
BASE,W3,11,23,1,1,1
BASE,W3,11,24,1,1,1
BASE,W3,11,25,1,1,1
BASE,W3,11,26,1,1,1
BASE,W3,11,27,8,81,0
BASE,W3,11,28,1,1,1
BASE,W3,11,29,1,1,1
BASE,W3,11,30,1,1,1
BASE,W3,11,31,1,1,1
BASE,W3,11,32,1,1,1
BASE,W3,11,33,1,1,1
BASE,W3,11,34,1,1,1
BASE,W3,11,35,1,1,1
BASE,W3,11,36,1,1,1
BASE,W3,11,37,1,1,1
BASE,W3,12,2,1,1,1
BASE,W3,12,3,1,1,1
BASE,W3,12,4,1,1,1
BASE,W3,12,5,1,1,1
BASE,W3,12,6,1,1,1
BASE,W3,12,7,1,1,1
BASE,W3,12,8,1,1,1
BASE,W3,12,9,1,1,1
BASE,W3,12,10,1,1,1
BASE,W3,12,11,1,1,1
BASE,W3,12,12,1,1,1
BASE,W3,12,13,1,1,1
BASE,W3,12,14,1,1,1
BASE,W3,12,15,1,1,1
BASE,W3,12,16,1,1,1
BASE,W3,12,17,1,1,1
BASE,W3,12,18,1,1,1
BASE,W3,12,19,1,1,1
BASE,W3,12,20,1,1,1
BASE,W3,12,21,1,1,1
BASE,W3,12,22,1,1,1
BASE,W3,12,23,1,1,1
BASE,W3,12,24,5,51,0
BASE,W3,12,25,1,1,1
BASE,W3,12,26,1,1,1
BASE,W3,12,27,1,1,1
BASE,W3,12,28,1,1,1
BASE,W3,12,29,1,1,1
BASE,W3,12,30,5,51,0
BASE,W3,12,31,1,1,1
BASE,W3,12,32,5,51,0
BASE,W3,12,33,1,1,1
BASE,W3,12,34,1,1,1
BASE,W3,12,35,1,1,1
BASE,W3,12,36,5,51,0
BASE,W3,12,37,1,1,1
BASE,W3,13,2,5,51,0
BASE,W3,13,3,1,1,1
BASE,W3,13,4,1,1,1
BASE,W3,13,5,1,1,1
BASE,W3,13,6,5,51,0
BASE,W3,13,7,1,1,1
BASE,W3,13,8,1,1,1
BASE,W3,13,9,1,1,1
BASE,W3,13,10,1,1,1
BASE,W3,13,11,1,1,1
BASE,W3,13,12,1,1,1
BASE,W3,13,13,1,1,1
BASE,W3,13,14,1,1,1
BASE,W3,13,15,1,1,1
BASE,W3,13,16,1,1,1
BASE,W3,13,17,1,1,1
BASE,W3,13,18,1,1,1
BASE,W3,13,19,1,1,1
BASE,W3,13,20,1,1,1
BASE,W3,13,21,1,1,1
BASE,W3,13,22,1,1,1
BASE,W3,13,23,1,1,1
BASE,W3,13,24,1,1,1
BASE,W3,13,25,5,51,0
BASE,W3,13,26,1,1,1
BASE,W3,13,27,1,1,1
BASE,W3,13,28,1,1,1
BASE,W3,13,29,1,1,1
BASE,W3,13,30,1,1,1
BASE,W3,13,31,8,81,0
BASE,W3,13,32,8,81,0
BASE,W3,13,33,1,1,1
BASE,W3,13,34,1,1,1
BASE,W3,13,35,1,1,1
BASE,W3,13,36,1,1,1
BASE,W3,13,37,1,1,1
BASE,W3,14,1,1,1,1
BASE,W3,14,2,1,1,1
BASE,W3,14,3,1,1,1
BASE,W3,14,4,5,51,0
BASE,W3,14,5,1,1,1
BASE,W3,14,6,1,1,1
BASE,W3,14,7,1,1,1
BASE,W3,14,8,1,1,1
BASE,W3,14,9,1,1,1
BASE,W3,14,10,1,1,1
BASE,W3,14,11,1,1,1
BASE,W3,14,12,1,1,1
BASE,W3,14,13,1,1,1
BASE,W3,14,14,1,1,1
BASE,W3,14,15,1,1,1
BASE,W3,14,16,1,1,1
BASE,W3,14,17,1,1,1
BASE,W3,14,18,5,51,0
BASE,W3,14,19,1,1,1
BASE,W3,14,20,1,1,1
BASE,W3,14,21,1,1,1
BASE,W3,14,22,5,51,0
BASE,W3,14,23,1,1,1
BASE,W3,14,24,1,1,1
BASE,W3,14,25,1,1,1
BASE,W3,14,26,1,1,1
BASE,W3,14,27,1,1,1
BASE,W3,14,28,1,1,1
BASE,W3,14,29,1,1,1
BASE,W3,14,30,1,1,1
BASE,W3,14,31,1,1,1
BASE,W3,14,32,1,1,1
BASE,W3,14,33,1,1,1
BASE,W3,14,34,1,1,1
BASE,W3,14,35,1,1,1
BASE,W3,14,36,1,1,1
BASE,W3,14,37,1,1,1
BASE,W3,14,38,1,1,1
BASE,W3,15,1,1,1,1
BASE,W3,15,2,1,1,1
BASE,W3,15,3,1,1,1
BASE,W3,15,4,1,1,1
BASE,W3,15,5,1,1,1
BASE,W3,15,6,1,1,1
BASE,W3,15,7,1,1,1
BASE,W3,15,8,8,81,0
BASE,W3,15,9,5,51,0
BASE,W3,15,10,1,1,1
BASE,W3,15,11,1,1,1
BASE,W3,15,12,1,1,1
BASE,W3,15,13,1,1,1
BASE,W3,15,14,1,1,1
BASE,W3,15,15,1,1,1
BASE,W3,15,16,1,1,1
BASE,W3,15,17,1,1,1
BASE,W3,15,18,1,1,1
BASE,W3,15,19,1,1,1
BASE,W3,15,20,1,1,1
BASE,W3,15,21,1,1,1
BASE,W3,15,22,1,1,1
BASE,W3,15,23,1,1,1
BASE,W3,15,24,1,1,1
BASE,W3,15,25,1,1,1
BASE,W3,15,26,1,1,1
BASE,W3,15,27,1,1,1
BASE,W3,15,28,1,1,1
BASE,W3,15,29,5,51,0
BASE,W3,15,30,1,1,1
BASE,W3,15,31,1,1,1
BASE,W3,15,32,1,1,1
BASE,W3,15,33,5,51,0
BASE,W3,15,34,1,1,1
BASE,W3,15,35,1,1,1
BASE,W3,15,36,1,1,1
BASE,W3,15,37,1,1,1
BASE,W3,15,38,1,1,1
BASE,W3,16,1,1,1,1
BASE,W3,16,2,1,1,1
BASE,W3,16,3,1,1,1
BASE,W3,16,4,1,1,1
BASE,W3,16,5,1,1,1
BASE,W3,16,6,1,1,1
BASE,W3,16,7,1,1,1
BASE,W3,16,8,1,1,1
BASE,W3,16,9,1,1,1
BASE,W3,16,10,1,1,1
BASE,W3,16,11,8,81,0
BASE,W3,16,12,1,1,1
BASE,W3,16,13,8,81,0
BASE,W3,16,14,1,1,1
BASE,W3,16,15,1,1,1
BASE,W3,16,16,1,1,1
BASE,W3,16,17,1,1,1
BASE,W3,16,18,1,1,1
BASE,W3,16,19,1,1,1
BASE,W3,16,20,1,1,1
BASE,W3,16,21,1,1,1
BASE,W3,16,22,1,1,1
BASE,W3,16,23,1,1,1
BASE,W3,16,24,1,1,1
BASE,W3,16,25,1,1,1
BASE,W3,16,26,1,1,1
BASE,W3,16,27,1,1,1
BASE,W3,16,28,1,1,1
BASE,W3,16,29,1,1,1
BASE,W3,16,30,1,1,1
BASE,W3,16,31,1,1,1
BASE,W3,16,32,1,1,1
BASE,W3,16,33,1,1,1
BASE,W3,16,34,1,1,1
BASE,W3,16,35,5,51,0
BASE,W3,16,36,1,1,1
BASE,W3,16,37,1,1,1
BASE,W3,16,38,1,1,1
BASE,W3,17,1,5,51,0
BASE,W3,17,2,1,1,1
BASE,W3,17,3,1,1,1
BASE,W3,17,4,5,51,0
BASE,W3,17,5,1,1,1
BASE,W3,17,6,1,1,1
BASE,W3,17,7,1,1,1
BASE,W3,17,8,1,1,1
BASE,W3,17,9,5,51,0
BASE,W3,17,10,1,1,1
BASE,W3,17,11,1,1,1
BASE,W3,17,12,1,1,1
BASE,W3,17,13,1,1,1
BASE,W3,17,14,1,1,1
BASE,W3,17,15,1,1,1
BASE,W3,17,16,5,51,0
BASE,W3,17,17,1,1,1
BASE,W3,17,18,1,1,1
BASE,W3,17,19,1,1,1
BASE,W3,17,20,1,1,1
BASE,W3,17,21,1,1,1
BASE,W3,17,22,1,1,1
BASE,W3,17,23,1,1,1
BASE,W3,17,24,1,1,1
BASE,W3,17,25,1,1,1
BASE,W3,17,26,1,1,1
BASE,W3,17,27,1,1,1
BASE,W3,17,28,1,1,1
BASE,W3,17,29,1,1,1
BASE,W3,17,30,5,51,0
BASE,W3,17,31,1,1,1
BASE,W3,17,32,1,1,1
BASE,W3,17,33,1,1,1
BASE,W3,17,34,1,1,1
BASE,W3,17,35,1,1,1
BASE,W3,17,36,1,1,1
BASE,W3,17,37,1,1,1
BASE,W3,17,38,1,1,1
BASE,W3,18,1,1,1,1
BASE,W3,18,2,1,1,1
BASE,W3,18,3,1,1,1
BASE,W3,18,4,1,1,1
BASE,W3,18,5,1,1,1
BASE,W3,18,6,1,1,1
BASE,W3,18,7,1,1,1
BASE,W3,18,8,1,1,1
BASE,W3,18,9,1,1,1
BASE,W3,18,10,1,1,1
BASE,W3,18,11,5,51,0
BASE,W3,18,12,1,1,1
BASE,W3,18,13,1,1,1
BASE,W3,18,14,1,1,1
BASE,W3,18,15,1,1,1
BASE,W3,18,16,1,1,1
BASE,W3,18,17,1,1,1
BASE,W3,18,18,1,1,1
BASE,W3,18,19,5,51,0
BASE,W3,18,20,1,1,1
BASE,W3,18,21,1,1,1
BASE,W3,18,22,8,81,0
BASE,W3,18,23,5,51,0
BASE,W3,18,24,1,1,1
BASE,W3,18,25,1,1,1
BASE,W3,18,26,1,1,1
BASE,W3,18,27,5,51,0
BASE,W3,18,28,1,1,1
BASE,W3,18,29,1,1,1
BASE,W3,18,30,1,1,1
BASE,W3,18,31,1,1,1
BASE,W3,18,32,1,1,1
BASE,W3,18,33,1,1,1
BASE,W3,18,34,1,1,1
BASE,W3,18,35,1,1,1
BASE,W3,18,36,1,1,1
BASE,W3,18,37,1,1,1
BASE,W3,18,38,1,1,1
BASE,W3,19,1,1,1,1
BASE,W3,19,2,1,1,1
BASE,W3,19,3,5,51,0
BASE,W3,19,4,1,1,1
BASE,W3,19,5,5,51,0
BASE,W3,19,6,5,51,0
BASE,W3,19,7,1,1,1
BASE,W3,19,8,1,1,1
BASE,W3,19,9,1,1,1
BASE,W3,19,10,1,1,1
BASE,W3,19,11,1,1,1
BASE,W3,19,12,1,1,1
BASE,W3,19,13,1,1,1
BASE,W3,19,14,1,1,1
BASE,W3,19,15,1,1,1
BASE,W3,19,16,1,1,1
BASE,W3,19,17,1,1,1
BASE,W3,19,18,1,1,1
BASE,W3,19,19,1,1,1
BASE,W3,19,20,1,1,1
BASE,W3,19,21,8,81,0
BASE,W3,19,22,1,1,1
BASE,W3,19,23,1,1,1
BASE,W3,19,24,1,1,1
BASE,W3,19,25,1,1,1
BASE,W3,19,26,1,1,1
BASE,W3,19,27,1,1,1
BASE,W3,19,28,1,1,1
BASE,W3,19,29,1,1,1
BASE,W3,19,30,1,1,1
BASE,W3,19,31,1,1,1
BASE,W3,19,32,1,1,1
BASE,W3,19,33,1,1,1
BASE,W3,19,34,1,1,1
BASE,W3,19,35,1,1,1
BASE,W3,19,36,1,1,1
BASE,W3,19,37,1,1,1
BASE,W3,19,38,1,1,1
BASE,W3,20,1,1,1,1
BASE,W3,20,2,1,1,1
BASE,W3,20,3,1,1,1
BASE,W3,20,4,1,1,1
BASE,W3,20,5,1,1,1
BASE,W3,20,6,1,1,1
BASE,W3,20,7,1,1,1
BASE,W3,20,8,1,1,1
BASE,W3,20,9,1,1,1
BASE,W3,20,10,1,1,1
BASE,W3,20,11,1,1,1
BASE,W3,20,12,1,1,1
BASE,W3,20,13,1,1,1
BASE,W3,20,14,1,1,1
BASE,W3,20,15,1,1,1
BASE,W3,20,16,1,1,1
BASE,W3,20,17,1,1,1
BASE,W3,20,18,1,1,1
BASE,W3,20,19,1,1,1
BASE,W3,20,20,1,1,1
BASE,W3,20,21,5,51,0
BASE,W3,20,22,1,1,1
BASE,W3,20,23,1,1,1
BASE,W3,20,24,8,81,0
BASE,W3,20,25,8,81,0
BASE,W3,20,26,1,1,1
BASE,W3,20,27,1,1,1
BASE,W3,20,28,1,1,1
BASE,W3,20,29,1,1,1
BASE,W3,20,30,1,1,1
BASE,W3,20,31,1,1,1
BASE,W3,20,32,1,1,1
BASE,W3,20,33,8,81,0
BASE,W3,20,34,1,1,1
BASE,W3,20,35,1,1,1
BASE,W3,20,36,5,51,0
BASE,W3,20,37,1,1,1
BASE,W3,20,38,8,81,0
BASE,W3,21,1,1,1,1
BASE,W3,21,2,8,81,0
BASE,W3,21,3,1,1,1
BASE,W3,21,4,1,1,1
BASE,W3,21,5,1,1,1
BASE,W3,21,6,1,1,1
BASE,W3,21,7,1,1,1
BASE,W3,21,8,1,1,1
BASE,W3,21,9,1,1,1
BASE,W3,21,10,1,1,1
BASE,W3,21,11,1,1,1
BASE,W3,21,12,1,1,1
BASE,W3,21,13,1,1,1
BASE,W3,21,14,1,1,1
BASE,W3,21,15,1,1,1
BASE,W3,21,16,1,1,1
BASE,W3,21,17,1,1,1
BASE,W3,21,18,1,1,1
BASE,W3,21,19,1,1,1
BASE,W3,21,20,1,1,1
BASE,W3,21,21,1,1,1
BASE,W3,21,22,1,1,1
BASE,W3,21,23,1,1,1
BASE,W3,21,24,1,1,1
BASE,W3,21,25,1,1,1
BASE,W3,21,26,1,1,1
BASE,W3,21,27,1,1,1
BASE,W3,21,28,1,1,1
BASE,W3,21,29,1,1,1
BASE,W3,21,30,1,1,1
BASE,W3,21,31,1,1,1
BASE,W3,21,32,1,1,1
BASE,W3,21,33,1,1,1
BASE,W3,21,34,1,1,1
BASE,W3,21,35,1,1,1
BASE,W3,21,36,1,1,1
BASE,W3,21,37,1,1,1
BASE,W3,21,38,1,1,1
BASE,W3,22,1,1,1,1
BASE,W3,22,2,1,1,1
BASE,W3,22,3,1,1,1
BASE,W3,22,4,1,1,1
BASE,W3,22,5,1,1,1
BASE,W3,22,6,1,1,1
BASE,W3,22,7,1,1,1
BASE,W3,22,8,1,1,1
BASE,W3,22,9,1,1,1
BASE,W3,22,10,1,1,1
BASE,W3,22,11,1,1,1
BASE,W3,22,12,1,1,1
BASE,W3,22,13,1,1,1
BASE,W3,22,14,1,1,1
BASE,W3,22,15,1,1,1
BASE,W3,22,16,1,1,1
BASE,W3,22,17,1,1,1
BASE,W3,22,18,1,1,1
BASE,W3,22,19,1,1,1
BASE,W3,22,20,1,1,1
BASE,W3,22,21,1,1,1
BASE,W3,22,22,1,1,1
BASE,W3,22,23,1,1,1
BASE,W3,22,24,1,1,1
BASE,W3,22,25,5,51,0
BASE,W3,22,26,1,1,1
BASE,W3,22,27,1,1,1
BASE,W3,22,28,1,1,1
BASE,W3,22,29,1,1,1
BASE,W3,22,30,1,1,1
BASE,W3,22,31,1,1,1
BASE,W3,22,32,1,1,1
BASE,W3,22,33,1,1,1
BASE,W3,22,34,1,1,1
BASE,W3,22,35,1,1,1
BASE,W3,22,36,5,51,0
BASE,W3,22,37,1,1,1
BASE,W3,22,38,1,1,1
BASE,W3,23,1,1,1,1
BASE,W3,23,2,1,1,1
BASE,W3,23,3,1,1,1
BASE,W3,23,4,1,1,1
BASE,W3,23,5,1,1,1
BASE,W3,23,6,1,1,1
BASE,W3,23,7,1,1,1
BASE,W3,23,8,1,1,1
BASE,W3,23,9,1,1,1
BASE,W3,23,10,1,1,1
BASE,W3,23,11,1,1,1
BASE,W3,23,12,1,1,1
BASE,W3,23,13,1,1,1
BASE,W3,23,14,1,1,1
BASE,W3,23,15,1,1,1
BASE,W3,23,16,1,1,1
BASE,W3,23,17,1,1,1
BASE,W3,23,18,1,1,1
BASE,W3,23,19,1,1,1
BASE,W3,23,20,1,1,1
BASE,W3,23,21,1,1,1
BASE,W3,23,22,1,1,1
BASE,W3,23,23,1,1,1
BASE,W3,23,24,1,1,1
BASE,W3,23,25,1,1,1
BASE,W3,23,26,1,1,1
BASE,W3,23,27,1,1,1
BASE,W3,23,28,1,1,1
BASE,W3,23,29,8,81,0
BASE,W3,23,30,1,1,1
BASE,W3,23,31,1,1,1
BASE,W3,23,32,5,51,0
BASE,W3,23,33,1,1,1
BASE,W3,23,34,1,1,1
BASE,W3,23,35,1,1,1
BASE,W3,23,36,1,1,1
BASE,W3,23,37,1,1,1
BASE,W3,23,38,1,1,1
BASE,W3,24,1,1,1,1
BASE,W3,24,2,1,1,1
BASE,W3,24,3,1,1,1
BASE,W3,24,4,1,1,1
BASE,W3,24,5,1,1,1
BASE,W3,24,6,1,1,1
BASE,W3,24,7,5,51,0
BASE,W3,24,8,1,1,1
BASE,W3,24,9,5,51,0
BASE,W3,24,10,1,1,1
BASE,W3,24,11,1,1,1
BASE,W3,24,12,1,1,1
BASE,W3,24,13,1,1,1
BASE,W3,24,14,1,1,1
BASE,W3,24,15,1,1,1
BASE,W3,24,16,1,1,1
BASE,W3,24,17,1,1,1
BASE,W3,24,18,5,51,0
BASE,W3,24,19,1,1,1
BASE,W3,24,20,1,1,1
BASE,W3,24,21,5,51,0
BASE,W3,24,22,1,1,1
BASE,W3,24,23,1,1,1
BASE,W3,24,24,1,1,1
BASE,W3,24,25,1,1,1
BASE,W3,24,26,1,1,1
BASE,W3,24,27,1,1,1
BASE,W3,24,28,1,1,1
BASE,W3,24,29,1,1,1
BASE,W3,24,30,1,1,1
BASE,W3,24,31,1,1,1
BASE,W3,24,32,1,1,1
BASE,W3,24,33,1,1,1
BASE,W3,24,34,1,1,1
BASE,W3,24,35,1,1,1
BASE,W3,24,36,1,1,1
BASE,W3,24,37,8,81,0
BASE,W3,24,38,1,1,1
BASE,W3,25,1,1,1,1
BASE,W3,25,2,1,1,1
BASE,W3,25,3,1,1,1
BASE,W3,25,4,1,1,1
BASE,W3,25,5,1,1,1
BASE,W3,25,6,1,1,1
BASE,W3,25,7,1,1,1
BASE,W3,25,8,1,1,1
BASE,W3,25,9,1,1,1
BASE,W3,25,10,8,81,0
BASE,W3,25,11,1,1,1
BASE,W3,25,12,1,1,1
BASE,W3,25,13,1,1,1
BASE,W3,25,14,1,1,1
BASE,W3,25,15,1,1,1
BASE,W3,25,16,5,51,0
BASE,W3,25,17,1,1,1
BASE,W3,25,18,1,1,1
BASE,W3,25,19,1,1,1
BASE,W3,25,20,8,81,0
BASE,W3,25,21,1,1,1
BASE,W3,25,22,1,1,1
BASE,W3,25,23,1,1,1
BASE,W3,25,24,8,81,0
BASE,W3,25,25,1,1,1
BASE,W3,25,26,1,1,1
BASE,W3,25,27,8,81,0
BASE,W3,25,28,1,1,1
BASE,W3,25,29,1,1,1
BASE,W3,25,30,1,1,1
BASE,W3,25,31,1,1,1
BASE,W3,25,32,1,1,1
BASE,W3,25,33,1,1,1
BASE,W3,25,34,1,1,1
BASE,W3,25,35,1,1,1
BASE,W3,25,36,1,1,1
BASE,W3,25,37,1,1,1
BASE,W3,25,38,1,1,1
BASE,W3,26,2,1,1,1
BASE,W3,26,3,1,1,1
BASE,W3,26,4,1,1,1
BASE,W3,26,5,5,51,0
BASE,W3,26,6,1,1,1
BASE,W3,26,7,1,1,1
BASE,W3,26,8,1,1,1
BASE,W3,26,9,1,1,1
BASE,W3,26,10,1,1,1
BASE,W3,26,11,8,81,0
BASE,W3,26,12,1,1,1
BASE,W3,26,13,1,1,1
BASE,W3,26,14,1,1,1
BASE,W3,26,15,1,1,1
BASE,W3,26,16,1,1,1
BASE,W3,26,17,1,1,1
BASE,W3,26,18,1,1,1
BASE,W3,26,19,1,1,1
BASE,W3,26,20,1,1,1
BASE,W3,26,21,1,1,1
BASE,W3,26,22,1,1,1
BASE,W3,26,23,1,1,1
BASE,W3,26,24,1,1,1
BASE,W3,26,25,1,1,1
BASE,W3,26,26,1,1,1
BASE,W3,26,27,1,1,1
BASE,W3,26,28,5,51,0
BASE,W3,26,29,1,1,1
BASE,W3,26,30,1,1,1
BASE,W3,26,31,1,1,1
BASE,W3,26,32,1,1,1
BASE,W3,26,33,1,1,1
BASE,W3,26,34,1,1,1
BASE,W3,26,35,1,1,1
BASE,W3,26,36,5,51,0
BASE,W3,26,37,1,1,1
BASE,W3,27,2,1,1,1
BASE,W3,27,3,5,51,0
BASE,W3,27,4,1,1,1
BASE,W3,27,5,8,81,0
BASE,W3,27,6,1,1,1
BASE,W3,27,7,5,51,0
BASE,W3,27,8,1,1,1
BASE,W3,27,9,1,1,1
BASE,W3,27,10,1,1,1
BASE,W3,27,11,1,1,1
BASE,W3,27,12,1,1,1
BASE,W3,27,13,1,1,1
BASE,W3,27,14,1,1,1
BASE,W3,27,15,1,1,1
BASE,W3,27,16,1,1,1
BASE,W3,27,17,1,1,1
BASE,W3,27,18,5,51,0
BASE,W3,27,19,1,1,1
BASE,W3,27,20,1,1,1
BASE,W3,27,21,1,1,1
BASE,W3,27,22,1,1,1
BASE,W3,27,23,1,1,1
BASE,W3,27,24,1,1,1
BASE,W3,27,25,1,1,1
BASE,W3,27,26,1,1,1
BASE,W3,27,27,1,1,1
BASE,W3,27,28,1,1,1
BASE,W3,27,29,1,1,1
BASE,W3,27,30,1,1,1
BASE,W3,27,31,1,1,1
BASE,W3,27,32,1,1,1
BASE,W3,27,33,1,1,1
BASE,W3,27,34,1,1,1
BASE,W3,27,35,1,1,1
BASE,W3,27,36,1,1,1
BASE,W3,27,37,1,1,1
BASE,W3,28,2,1,1,1
BASE,W3,28,3,8,81,0
BASE,W3,28,4,1,1,1
BASE,W3,28,5,1,1,1
BASE,W3,28,6,1,1,1
BASE,W3,28,7,1,1,1
BASE,W3,28,8,1,1,1
BASE,W3,28,9,1,1,1
BASE,W3,28,10,1,1,1
BASE,W3,28,11,1,1,1
BASE,W3,28,12,5,51,0
BASE,W3,28,13,1,1,1
BASE,W3,28,14,1,1,1
BASE,W3,28,15,1,1,1
BASE,W3,28,16,1,1,1
BASE,W3,28,17,1,1,1
BASE,W3,28,18,1,1,1
BASE,W3,28,19,1,1,1
BASE,W3,28,20,5,51,0
BASE,W3,28,21,1,1,1
BASE,W3,28,22,5,51,0
BASE,W3,28,23,1,1,1
BASE,W3,28,24,1,1,1
BASE,W3,28,25,1,1,1
BASE,W3,28,26,5,51,0
BASE,W3,28,27,1,1,1
BASE,W3,28,28,1,1,1
BASE,W3,28,29,1,1,1
BASE,W3,28,30,1,1,1
BASE,W3,28,31,1,1,1
BASE,W3,28,32,1,1,1
BASE,W3,28,33,1,1,1
BASE,W3,28,34,1,1,1
BASE,W3,28,35,1,1,1
BASE,W3,28,36,5,51,0
BASE,W3,28,37,1,1,1
BASE,W3,29,3,1,1,1
BASE,W3,29,4,1,1,1
BASE,W3,29,5,1,1,1
BASE,W3,29,6,1,1,1
BASE,W3,29,7,1,1,1
BASE,W3,29,8,1,1,1
BASE,W3,29,9,1,1,1
BASE,W3,29,10,1,1,1
BASE,W3,29,11,1,1,1
BASE,W3,29,12,1,1,1
BASE,W3,29,13,1,1,1
BASE,W3,29,14,1,1,1
BASE,W3,29,15,1,1,1
BASE,W3,29,16,1,1,1
BASE,W3,29,17,1,1,1
BASE,W3,29,18,1,1,1
BASE,W3,29,19,1,1,1
BASE,W3,29,20,1,1,1
BASE,W3,29,21,5,51,0
BASE,W3,29,22,1,1,1
BASE,W3,29,23,1,1,1
BASE,W3,29,24,1,1,1
BASE,W3,29,25,1,1,1
BASE,W3,29,26,1,1,1
BASE,W3,29,27,1,1,1
BASE,W3,29,28,1,1,1
BASE,W3,29,29,1,1,1
BASE,W3,29,30,1,1,1
BASE,W3,29,31,1,1,1
BASE,W3,29,32,1,1,1
BASE,W3,29,33,1,1,1
BASE,W3,29,34,1,1,1
BASE,W3,29,35,1,1,1
BASE,W3,29,36,1,1,1
BASE,W3,30,4,1,1,1
BASE,W3,30,5,1,1,1
BASE,W3,30,6,8,81,0
BASE,W3,30,7,1,1,1
BASE,W3,30,8,1,1,1
BASE,W3,30,9,1,1,1
BASE,W3,30,10,1,1,1
BASE,W3,30,11,1,1,1
BASE,W3,30,12,5,51,0
BASE,W3,30,13,1,1,1
BASE,W3,30,14,1,1,1
BASE,W3,30,15,1,1,1
BASE,W3,30,16,1,1,1
BASE,W3,30,17,1,1,1
BASE,W3,30,18,1,1,1
BASE,W3,30,19,1,1,1
BASE,W3,30,20,1,1,1
BASE,W3,30,21,5,51,0
BASE,W3,30,22,8,81,0
BASE,W3,30,23,1,1,1
BASE,W3,30,24,1,1,1
BASE,W3,30,25,5,51,0
BASE,W3,30,26,1,1,1
BASE,W3,30,27,1,1,1
BASE,W3,30,28,1,1,1
BASE,W3,30,29,1,1,1
BASE,W3,30,30,1,1,1
BASE,W3,30,31,5,51,0
BASE,W3,30,32,1,1,1
BASE,W3,30,33,1,1,1
BASE,W3,30,34,1,1,1
BASE,W3,30,35,1,1,1
BASE,W3,31,4,1,1,1
BASE,W3,31,5,1,1,1
BASE,W3,31,6,1,1,1
BASE,W3,31,7,1,1,1
BASE,W3,31,8,1,1,1
BASE,W3,31,9,1,1,1
BASE,W3,31,10,1,1,1
BASE,W3,31,11,1,1,1
BASE,W3,31,12,1,1,1
BASE,W3,31,13,1,1,1
BASE,W3,31,14,5,51,0
BASE,W3,31,15,1,1,1
BASE,W3,31,16,1,1,1
BASE,W3,31,17,1,1,1
BASE,W3,31,18,1,1,1
BASE,W3,31,19,1,1,1
BASE,W3,31,20,1,1,1
BASE,W3,31,21,1,1,1
BASE,W3,31,22,1,1,1
BASE,W3,31,23,1,1,1
BASE,W3,31,24,1,1,1
BASE,W3,31,25,1,1,1
BASE,W3,31,26,1,1,1
BASE,W3,31,27,1,1,1
BASE,W3,31,28,1,1,1
BASE,W3,31,29,1,1,1
BASE,W3,31,30,1,1,1
BASE,W3,31,31,1,1,1
BASE,W3,31,32,1,1,1
BASE,W3,31,33,1,1,1
BASE,W3,31,34,1,1,1
BASE,W3,31,35,1,1,1
BASE,W3,32,5,1,1,1
BASE,W3,32,6,1,1,1
BASE,W3,32,7,1,1,1
BASE,W3,32,8,1,1,1
BASE,W3,32,9,1,1,1
BASE,W3,32,10,1,1,1
BASE,W3,32,11,1,1,1
BASE,W3,32,12,1,1,1
BASE,W3,32,13,1,1,1
BASE,W3,32,14,1,1,1
BASE,W3,32,15,1,1,1
BASE,W3,32,16,1,1,1
BASE,W3,32,17,1,1,1
BASE,W3,32,18,1,1,1
BASE,W3,32,19,1,1,1
BASE,W3,32,20,1,1,1
BASE,W3,32,21,1,1,1
BASE,W3,32,22,1,1,1
BASE,W3,32,23,1,1,1
BASE,W3,32,24,1,1,1
BASE,W3,32,25,1,1,1
BASE,W3,32,26,1,1,1
BASE,W3,32,27,1,1,1
BASE,W3,32,28,1,1,1
BASE,W3,32,29,1,1,1
BASE,W3,32,30,1,1,1
BASE,W3,32,31,1,1,1
BASE,W3,32,32,1,1,1
BASE,W3,32,33,1,1,1
BASE,W3,32,34,1,1,1
BASE,W3,33,6,1,1,1
BASE,W3,33,7,1,1,1
BASE,W3,33,8,1,1,1
BASE,W3,33,9,1,1,1
BASE,W3,33,10,1,1,1
BASE,W3,33,11,1,1,1
BASE,W3,33,12,1,1,1
BASE,W3,33,13,1,1,1
BASE,W3,33,14,1,1,1
BASE,W3,33,15,5,51,0
BASE,W3,33,16,1,1,1
BASE,W3,33,17,1,1,1
BASE,W3,33,18,1,1,1
BASE,W3,33,19,1,1,1
BASE,W3,33,20,1,1,1
BASE,W3,33,21,1,1,1
BASE,W3,33,22,1,1,1
BASE,W3,33,23,1,1,1
BASE,W3,33,24,1,1,1
BASE,W3,33,25,1,1,1
BASE,W3,33,26,5,51,0
BASE,W3,33,27,1,1,1
BASE,W3,33,28,1,1,1
BASE,W3,33,29,1,1,1
BASE,W3,33,30,1,1,1
BASE,W3,33,31,1,1,1
BASE,W3,33,32,1,1,1
BASE,W3,33,33,1,1,1
BASE,W3,34,7,1,1,1
BASE,W3,34,8,5,51,0
BASE,W3,34,9,1,1,1
BASE,W3,34,10,1,1,1
BASE,W3,34,11,1,1,1
BASE,W3,34,12,1,1,1
BASE,W3,34,13,1,1,1
BASE,W3,34,14,1,1,1
BASE,W3,34,15,1,1,1
BASE,W3,34,16,1,1,1
BASE,W3,34,17,1,1,1
BASE,W3,34,18,1,1,1
BASE,W3,34,19,1,1,1
BASE,W3,34,20,1,1,1
BASE,W3,34,21,1,1,1
BASE,W3,34,22,5,51,0
BASE,W3,34,23,1,1,1
BASE,W3,34,24,1,1,1
BASE,W3,34,25,1,1,1
BASE,W3,34,26,1,1,1
BASE,W3,34,27,1,1,1
BASE,W3,34,28,1,1,1
BASE,W3,34,29,1,1,1
BASE,W3,34,30,5,51,0
BASE,W3,34,31,1,1,1
BASE,W3,34,32,1,1,1
BASE,W3,35,8,1,1,1
BASE,W3,35,9,5,51,0
BASE,W3,35,10,1,1,1
BASE,W3,35,11,1,1,1
BASE,W3,35,12,1,1,1
BASE,W3,35,13,1,1,1
BASE,W3,35,14,1,1,1
BASE,W3,35,15,1,1,1
BASE,W3,35,16,1,1,1
BASE,W3,35,17,1,1,1
BASE,W3,35,18,1,1,1
BASE,W3,35,19,1,1,1
BASE,W3,35,20,1,1,1
BASE,W3,35,21,8,81,0
BASE,W3,35,22,1,1,1
BASE,W3,35,23,1,1,1
BASE,W3,35,24,1,1,1
BASE,W3,35,25,1,1,1
BASE,W3,35,26,1,1,1
BASE,W3,35,27,1,1,1
BASE,W3,35,28,5,51,0
BASE,W3,35,29,1,1,1
BASE,W3,35,30,1,1,1
BASE,W3,35,31,1,1,1
BASE,W3,36,10,1,1,1
BASE,W3,36,11,1,1,1
BASE,W3,36,12,1,1,1
BASE,W3,36,13,1,1,1
BASE,W3,36,14,1,1,1
BASE,W3,36,15,1,1,1
BASE,W3,36,16,1,1,1
BASE,W3,36,17,1,1,1
BASE,W3,36,18,1,1,1
BASE,W3,36,19,1,1,1
BASE,W3,36,20,5,51,0
BASE,W3,36,21,1,1,1
BASE,W3,36,22,1,1,1
BASE,W3,36,23,1,1,1
BASE,W3,36,24,1,1,1
BASE,W3,36,25,1,1,1
BASE,W3,36,26,1,1,1
BASE,W3,36,27,5,51,0
BASE,W3,36,28,1,1,1
BASE,W3,36,29,1,1,1
BASE,W3,37,11,1,1,1
BASE,W3,37,12,1,1,1
BASE,W3,37,13,8,81,0
BASE,W3,37,14,1,1,1
BASE,W3,37,15,1,1,1
BASE,W3,37,16,5,51,0
BASE,W3,37,17,1,1,1
BASE,W3,37,18,5,51,0
BASE,W3,37,19,5,51,0
BASE,W3,37,20,1,1,1
BASE,W3,37,21,1,1,1
BASE,W3,37,22,1,1,1
BASE,W3,37,23,1,1,1
BASE,W3,37,24,1,1,1
BASE,W3,37,25,1,1,1
BASE,W3,37,26,1,1,1
BASE,W3,37,27,1,1,1
BASE,W3,37,28,1,1,1
BASE,W3,38,14,5,51,0
BASE,W3,38,15,1,1,1
BASE,W3,38,16,1,1,1
BASE,W3,38,17,1,1,1
BASE,W3,38,18,1,1,1
BASE,W3,38,19,1,1,1
BASE,W3,38,20,1,1,1
BASE,W3,38,21,1,1,1
BASE,W3,38,22,1,1,1
BASE,W3,38,23,1,1,1
BASE,W3,38,24,1,1,1
BASE,W3,38,25,1,1,1
EDGE,W1,1,14,7,71,0
EDGE,W1,1,15,7,71,0
EDGE,W1,1,16,1,1,1
EDGE,W1,1,17,1,1,1
EDGE,W1,1,18,7,71,0
EDGE,W1,1,19,1,1,1
EDGE,W1,1,20,1,1,1
EDGE,W1,1,21,7,71,0
EDGE,W1,1,22,7,71,0
EDGE,W1,1,23,1,1,1
EDGE,W1,1,24,1,1,1
EDGE,W1,1,25,7,71,0
EDGE,W1,2,11,1,1,1
EDGE,W1,2,12,7,71,0
EDGE,W1,2,13,5,51,0
EDGE,W1,2,14,7,71,0
EDGE,W1,2,15,1,1,1
EDGE,W1,2,16,1,1,1
EDGE,W1,2,17,1,1,1
EDGE,W1,2,18,1,1,1
EDGE,W1,2,19,7,71,0
EDGE,W1,2,20,1,1,1
EDGE,W1,2,21,1,1,1
EDGE,W1,2,22,1,1,1
EDGE,W1,2,23,1,1,1
EDGE,W1,2,24,7,71,0
EDGE,W1,2,25,7,71,0
EDGE,W1,2,26,1,1,1
EDGE,W1,2,27,7,71,0
EDGE,W1,2,28,1,1,1
EDGE,W1,3,10,1,1,1
EDGE,W1,3,11,7,71,0
EDGE,W1,3,12,1,1,1
EDGE,W1,3,13,7,71,0
EDGE,W1,3,14,1,1,1
EDGE,W1,3,15,1,1,1
EDGE,W1,3,16,1,1,1
EDGE,W1,3,17,5,51,0
EDGE,W1,3,18,1,1,1
EDGE,W1,3,19,1,1,1
EDGE,W1,3,20,7,71,0
EDGE,W1,3,21,7,71,0
EDGE,W1,3,22,1,1,1
EDGE,W1,3,23,7,71,0
EDGE,W1,3,24,1,1,1
EDGE,W1,3,25,7,71,0
EDGE,W1,3,26,7,71,0
EDGE,W1,3,27,7,71,0
EDGE,W1,3,28,7,71,0
EDGE,W1,3,29,1,1,1
EDGE,W1,4,8,7,71,0
EDGE,W1,4,9,1,1,1
EDGE,W1,4,10,1,1,1
EDGE,W1,4,11,1,1,1
EDGE,W1,4,12,5,51,0
EDGE,W1,4,13,7,71,0
EDGE,W1,4,14,1,1,1
EDGE,W1,4,15,7,71,0
EDGE,W1,4,16,1,1,1
EDGE,W1,4,17,1,1,1
EDGE,W1,4,18,1,1,1
EDGE,W1,4,19,1,1,1
EDGE,W1,4,20,1,1,1
EDGE,W1,4,21,5,51,0
EDGE,W1,4,22,1,1,1
EDGE,W1,4,23,1,1,1
EDGE,W1,4,24,7,71,0
EDGE,W1,4,25,7,71,0
EDGE,W1,4,26,5,51,0
EDGE,W1,4,27,7,71,0
EDGE,W1,4,28,1,1,1
EDGE,W1,4,29,1,1,1
EDGE,W1,4,30,7,71,0
EDGE,W1,4,31,1,1,1
EDGE,W1,5,7,7,71,0
EDGE,W1,5,8,1,1,1
EDGE,W1,5,9,1,1,1
EDGE,W1,5,10,1,1,1
EDGE,W1,5,11,1,1,1
EDGE,W1,5,12,1,1,1
EDGE,W1,5,13,1,1,1
EDGE,W1,5,14,1,1,1
EDGE,W1,5,15,1,1,1
EDGE,W1,5,16,1,1,1
EDGE,W1,5,17,1,1,1
EDGE,W1,5,18,1,1,1
EDGE,W1,5,19,1,1,1
EDGE,W1,5,20,1,1,1
EDGE,W1,5,21,1,1,1
EDGE,W1,5,22,1,1,1
EDGE,W1,5,23,1,1,1
EDGE,W1,5,24,1,1,1
EDGE,W1,5,25,1,1,1
EDGE,W1,5,26,8,81,0
EDGE,W1,5,27,1,1,1
EDGE,W1,5,28,1,1,1
EDGE,W1,5,29,7,71,0
EDGE,W1,5,30,1,1,1
EDGE,W1,5,31,1,1,1
EDGE,W1,5,32,7,71,0
EDGE,W1,6,6,7,71,0
EDGE,W1,6,7,1,1,1
EDGE,W1,6,8,7,71,0
EDGE,W1,6,9,7,71,0
EDGE,W1,6,10,1,1,1
EDGE,W1,6,11,5,51,0
EDGE,W1,6,12,1,1,1
EDGE,W1,6,13,1,1,1
EDGE,W1,6,14,1,1,1
EDGE,W1,6,15,1,1,1
EDGE,W1,6,16,1,1,1
EDGE,W1,6,17,1,1,1
EDGE,W1,6,18,1,1,1
EDGE,W1,6,19,1,1,1
EDGE,W1,6,20,1,1,1
EDGE,W1,6,21,1,1,1
EDGE,W1,6,22,1,1,1
EDGE,W1,6,23,1,1,1
EDGE,W1,6,24,1,1,1
EDGE,W1,6,25,1,1,1
EDGE,W1,6,26,8,81,0
EDGE,W1,6,27,1,1,1
EDGE,W1,6,28,1,1,1
EDGE,W1,6,29,7,71,0
EDGE,W1,6,30,7,71,0
EDGE,W1,6,31,7,71,0
EDGE,W1,6,32,7,71,0
EDGE,W1,6,33,7,71,0
EDGE,W1,7,5,7,71,0
EDGE,W1,7,6,1,1,1
EDGE,W1,7,7,7,71,0
EDGE,W1,7,8,7,71,0
EDGE,W1,7,9,7,71,0
EDGE,W1,7,10,1,1,1
EDGE,W1,7,11,1,1,1
EDGE,W1,7,12,5,51,0
EDGE,W1,7,13,1,1,1
EDGE,W1,7,14,1,1,1
EDGE,W1,7,15,5,51,0
EDGE,W1,7,16,1,1,1
EDGE,W1,7,17,1,1,1
EDGE,W1,7,18,1,1,1
EDGE,W1,7,19,1,1,1
EDGE,W1,7,20,1,1,1
EDGE,W1,7,21,1,1,1
EDGE,W1,7,22,1,1,1
EDGE,W1,7,23,1,1,1
EDGE,W1,7,24,1,1,1
EDGE,W1,7,25,1,1,1
EDGE,W1,7,26,1,1,1
EDGE,W1,7,27,1,1,1
EDGE,W1,7,28,1,1,1
EDGE,W1,7,29,1,1,1
EDGE,W1,7,30,1,1,1
EDGE,W1,7,31,7,71,0
EDGE,W1,7,32,7,71,0
EDGE,W1,7,33,7,71,0
EDGE,W1,7,34,7,71,0
EDGE,W1,8,4,7,71,0
EDGE,W1,8,5,8,81,0
EDGE,W1,8,6,7,71,0
EDGE,W1,8,7,5,51,0
EDGE,W1,8,8,7,71,0
EDGE,W1,8,9,1,1,1
EDGE,W1,8,10,1,1,1
EDGE,W1,8,11,1,1,1
EDGE,W1,8,12,1,1,1
EDGE,W1,8,13,1,1,1
EDGE,W1,8,14,1,1,1
EDGE,W1,8,15,1,1,1
EDGE,W1,8,16,1,1,1
EDGE,W1,8,17,1,1,1
EDGE,W1,8,18,1,1,1
EDGE,W1,8,19,1,1,1
EDGE,W1,8,20,1,1,1
EDGE,W1,8,21,1,1,1
EDGE,W1,8,22,1,1,1
EDGE,W1,8,23,1,1,1
EDGE,W1,8,24,1,1,1
EDGE,W1,8,25,1,1,1
EDGE,W1,8,26,5,51,0
EDGE,W1,8,27,1,1,1
EDGE,W1,8,28,1,1,1
EDGE,W1,8,29,1,1,1
EDGE,W1,8,30,1,1,1
EDGE,W1,8,31,1,1,1
EDGE,W1,8,32,1,1,1
EDGE,W1,8,33,7,71,0
EDGE,W1,8,34,7,71,0
EDGE,W1,8,35,7,71,0
EDGE,W1,9,4,7,71,0
EDGE,W1,9,5,5,51,0
EDGE,W1,9,6,1,1,1
EDGE,W1,9,7,7,71,0
EDGE,W1,9,8,1,1,1
EDGE,W1,9,9,1,1,1
EDGE,W1,9,10,1,1,1
EDGE,W1,9,11,1,1,1
EDGE,W1,9,12,1,1,1
EDGE,W1,9,13,1,1,1
EDGE,W1,9,14,1,1,1
EDGE,W1,9,15,1,1,1
EDGE,W1,9,16,1,1,1
EDGE,W1,9,17,1,1,1
EDGE,W1,9,18,1,1,1
EDGE,W1,9,19,5,51,0
EDGE,W1,9,20,1,1,1
EDGE,W1,9,21,5,51,0
EDGE,W1,9,22,1,1,1
EDGE,W1,9,23,5,51,0
EDGE,W1,9,24,1,1,1
EDGE,W1,9,25,1,1,1
EDGE,W1,9,26,1,1,1
EDGE,W1,9,27,1,1,1
EDGE,W1,9,28,1,1,1
EDGE,W1,9,29,5,51,0
EDGE,W1,9,30,1,1,1
EDGE,W1,9,31,1,1,1
EDGE,W1,9,32,1,1,1
EDGE,W1,9,33,7,71,0
EDGE,W1,9,34,7,71,0
EDGE,W1,9,35,8,81,0
EDGE,W1,10,3,7,71,0
EDGE,W1,10,4,1,1,1
EDGE,W1,10,5,1,1,1
EDGE,W1,10,6,7,71,0
EDGE,W1,10,7,1,1,1
EDGE,W1,10,8,1,1,1
EDGE,W1,10,9,1,1,1
EDGE,W1,10,10,1,1,1
EDGE,W1,10,11,1,1,1
EDGE,W1,10,12,1,1,1
EDGE,W1,10,13,1,1,1
EDGE,W1,10,14,1,1,1
EDGE,W1,10,15,1,1,1
EDGE,W1,10,16,1,1,1
EDGE,W1,10,17,5,51,0
EDGE,W1,10,18,1,1,1
EDGE,W1,10,19,1,1,1
EDGE,W1,10,20,1,1,1
EDGE,W1,10,21,1,1,1
EDGE,W1,10,22,1,1,1
EDGE,W1,10,23,1,1,1
EDGE,W1,10,24,1,1,1
EDGE,W1,10,25,1,1,1
EDGE,W1,10,26,1,1,1
EDGE,W1,10,27,1,1,1
EDGE,W1,10,28,1,1,1
EDGE,W1,10,29,8,81,0
EDGE,W1,10,30,1,1,1
EDGE,W1,10,31,1,1,1
EDGE,W1,10,32,1,1,1
EDGE,W1,10,33,7,71,0
EDGE,W1,10,34,1,1,1
EDGE,W1,10,35,1,1,1
EDGE,W1,10,36,5,51,0
EDGE,W1,11,2,1,1,1
EDGE,W1,11,3,8,81,0
EDGE,W1,11,4,1,1,1
EDGE,W1,11,5,1,1,1
EDGE,W1,11,6,1,1,1
EDGE,W1,11,7,1,1,1
EDGE,W1,11,8,1,1,1
EDGE,W1,11,9,1,1,1
EDGE,W1,11,10,1,1,1
EDGE,W1,11,11,1,1,1
EDGE,W1,11,12,8,81,0
EDGE,W1,11,13,1,1,1
EDGE,W1,11,14,1,1,1
EDGE,W1,11,15,1,1,1
EDGE,W1,11,16,1,1,1
EDGE,W1,11,17,8,81,0
EDGE,W1,11,18,1,1,1
EDGE,W1,11,19,1,1,1
EDGE,W1,11,20,1,1,1
EDGE,W1,11,21,1,1,1
EDGE,W1,11,22,5,51,0
EDGE,W1,11,23,1,1,1
EDGE,W1,11,24,1,1,1
EDGE,W1,11,25,1,1,1
EDGE,W1,11,26,1,1,1
EDGE,W1,11,27,1,1,1
EDGE,W1,11,28,1,1,1
EDGE,W1,11,29,1,1,1
EDGE,W1,11,30,1,1,1
EDGE,W1,11,31,1,1,1
EDGE,W1,11,32,1,1,1
EDGE,W1,11,33,1,1,1
EDGE,W1,11,34,7,71,0
EDGE,W1,11,35,7,71,0
EDGE,W1,11,36,1,1,1
EDGE,W1,11,37,1,1,1
EDGE,W1,12,2,1,1,1
EDGE,W1,12,3,1,1,1
EDGE,W1,12,4,7,71,0
EDGE,W1,12,5,1,1,1
EDGE,W1,12,6,1,1,1
EDGE,W1,12,7,1,1,1
EDGE,W1,12,8,1,1,1
EDGE,W1,12,9,1,1,1
EDGE,W1,12,10,1,1,1
EDGE,W1,12,11,1,1,1
EDGE,W1,12,12,1,1,1
EDGE,W1,12,13,1,1,1
EDGE,W1,12,14,1,1,1
EDGE,W1,12,15,1,1,1
EDGE,W1,12,16,1,1,1
EDGE,W1,12,17,1,1,1
EDGE,W1,12,18,1,1,1
EDGE,W1,12,19,1,1,1
EDGE,W1,12,20,1,1,1
EDGE,W1,12,21,1,1,1
EDGE,W1,12,22,1,1,1
EDGE,W1,12,23,1,1,1
EDGE,W1,12,24,5,51,0
EDGE,W1,12,25,8,81,0
EDGE,W1,12,26,1,1,1
EDGE,W1,12,27,1,1,1
EDGE,W1,12,28,1,1,1
EDGE,W1,12,29,1,1,1
EDGE,W1,12,30,5,51,0
EDGE,W1,12,31,1,1,1
EDGE,W1,12,32,1,1,1
EDGE,W1,12,33,1,1,1
EDGE,W1,12,34,1,1,1
EDGE,W1,12,35,1,1,1
EDGE,W1,12,36,7,71,0
EDGE,W1,12,37,1,1,1
EDGE,W1,13,2,1,1,1
EDGE,W1,13,3,7,71,0
EDGE,W1,13,4,7,71,0
EDGE,W1,13,5,1,1,1
EDGE,W1,13,6,1,1,1
EDGE,W1,13,7,1,1,1
EDGE,W1,13,8,1,1,1
EDGE,W1,13,9,1,1,1
EDGE,W1,13,10,1,1,1
EDGE,W1,13,11,1,1,1
EDGE,W1,13,12,1,1,1
EDGE,W1,13,13,1,1,1
EDGE,W1,13,14,1,1,1
EDGE,W1,13,15,1,1,1
EDGE,W1,13,16,1,1,1
EDGE,W1,13,17,1,1,1
EDGE,W1,13,18,1,1,1
EDGE,W1,13,19,1,1,1
EDGE,W1,13,20,1,1,1
EDGE,W1,13,21,1,1,1
EDGE,W1,13,22,1,1,1
EDGE,W1,13,23,1,1,1
EDGE,W1,13,24,1,1,1
EDGE,W1,13,25,1,1,1
EDGE,W1,13,26,1,1,1
EDGE,W1,13,27,1,1,1
EDGE,W1,13,28,8,81,0
EDGE,W1,13,29,1,1,1
EDGE,W1,13,30,1,1,1
EDGE,W1,13,31,1,1,1
EDGE,W1,13,32,5,51,0
EDGE,W1,13,33,1,1,1
EDGE,W1,13,34,1,1,1
EDGE,W1,13,35,1,1,1
EDGE,W1,13,36,1,1,1
EDGE,W1,13,37,1,1,1
EDGE,W1,14,1,1,1,1
EDGE,W1,14,2,7,71,0
EDGE,W1,14,3,7,71,0
EDGE,W1,14,4,1,1,1
EDGE,W1,14,5,1,1,1
EDGE,W1,14,6,1,1,1
EDGE,W1,14,7,1,1,1
EDGE,W1,14,8,1,1,1
EDGE,W1,14,9,1,1,1
EDGE,W1,14,10,1,1,1
EDGE,W1,14,11,1,1,1
EDGE,W1,14,12,1,1,1
EDGE,W1,14,13,1,1,1
EDGE,W1,14,14,1,1,1
EDGE,W1,14,15,1,1,1
EDGE,W1,14,16,1,1,1
EDGE,W1,14,17,1,1,1
EDGE,W1,14,18,1,1,1
EDGE,W1,14,19,1,1,1
EDGE,W1,14,20,1,1,1
EDGE,W1,14,21,1,1,1
EDGE,W1,14,22,1,1,1
EDGE,W1,14,23,8,81,0
EDGE,W1,14,24,1,1,1
EDGE,W1,14,25,1,1,1
EDGE,W1,14,26,5,51,0
EDGE,W1,14,27,1,1,1
EDGE,W1,14,28,1,1,1
EDGE,W1,14,29,1,1,1
EDGE,W1,14,30,1,1,1
EDGE,W1,14,31,1,1,1
EDGE,W1,14,32,1,1,1
EDGE,W1,14,33,1,1,1
EDGE,W1,14,34,1,1,1
EDGE,W1,14,35,1,1,1
EDGE,W1,14,36,7,71,0
EDGE,W1,14,37,7,71,0
EDGE,W1,14,38,7,71,0
EDGE,W1,15,1,1,1,1
EDGE,W1,15,2,7,71,0
EDGE,W1,15,3,1,1,1
EDGE,W1,15,4,7,71,0
EDGE,W1,15,5,1,1,1
EDGE,W1,15,6,1,1,1
EDGE,W1,15,7,1,1,1
EDGE,W1,15,8,1,1,1
EDGE,W1,15,9,1,1,1
EDGE,W1,15,10,1,1,1
EDGE,W1,15,11,1,1,1
EDGE,W1,15,12,1,1,1
EDGE,W1,15,13,5,51,0
EDGE,W1,15,14,1,1,1
EDGE,W1,15,15,1,1,1
EDGE,W1,15,16,1,1,1
EDGE,W1,15,17,1,1,1
EDGE,W1,15,18,1,1,1
EDGE,W1,15,19,1,1,1
EDGE,W1,15,20,1,1,1
EDGE,W1,15,21,1,1,1
EDGE,W1,15,22,1,1,1
EDGE,W1,15,23,1,1,1
EDGE,W1,15,24,1,1,1
EDGE,W1,15,25,1,1,1
EDGE,W1,15,26,1,1,1
EDGE,W1,15,27,1,1,1
EDGE,W1,15,28,1,1,1
EDGE,W1,15,29,1,1,1
EDGE,W1,15,30,1,1,1
EDGE,W1,15,31,1,1,1
EDGE,W1,15,32,1,1,1
EDGE,W1,15,33,1,1,1
EDGE,W1,15,34,1,1,1
EDGE,W1,15,35,1,1,1
EDGE,W1,15,36,1,1,1
EDGE,W1,15,37,1,1,1
EDGE,W1,15,38,7,71,0
EDGE,W1,16,1,1,1,1
EDGE,W1,16,2,1,1,1
EDGE,W1,16,3,1,1,1
EDGE,W1,16,4,1,1,1
EDGE,W1,16,5,1,1,1
EDGE,W1,16,6,1,1,1
EDGE,W1,16,7,1,1,1
EDGE,W1,16,8,1,1,1
EDGE,W1,16,9,1,1,1
EDGE,W1,16,10,1,1,1
EDGE,W1,16,11,1,1,1
EDGE,W1,16,12,1,1,1
EDGE,W1,16,13,1,1,1
EDGE,W1,16,14,1,1,1
EDGE,W1,16,15,1,1,1
EDGE,W1,16,16,1,1,1
EDGE,W1,16,17,1,1,1
EDGE,W1,16,18,1,1,1
EDGE,W1,16,19,1,1,1
EDGE,W1,16,20,1,1,1
EDGE,W1,16,21,1,1,1
EDGE,W1,16,22,1,1,1
EDGE,W1,16,23,1,1,1
EDGE,W1,16,24,1,1,1
EDGE,W1,16,25,1,1,1
EDGE,W1,16,26,1,1,1
EDGE,W1,16,27,1,1,1
EDGE,W1,16,28,1,1,1
EDGE,W1,16,29,1,1,1
EDGE,W1,16,30,1,1,1
EDGE,W1,16,31,1,1,1
EDGE,W1,16,32,1,1,1
EDGE,W1,16,33,1,1,1
EDGE,W1,16,34,1,1,1
EDGE,W1,16,35,5,51,0
EDGE,W1,16,36,1,1,1
EDGE,W1,16,37,1,1,1
EDGE,W1,16,38,1,1,1
EDGE,W1,17,1,7,71,0
EDGE,W1,17,2,5,51,0
EDGE,W1,17,3,1,1,1
EDGE,W1,17,4,1,1,1
EDGE,W1,17,5,1,1,1
EDGE,W1,17,6,1,1,1
EDGE,W1,17,7,1,1,1
EDGE,W1,17,8,1,1,1
EDGE,W1,17,9,5,51,0
EDGE,W1,17,10,1,1,1
EDGE,W1,17,11,1,1,1
EDGE,W1,17,12,1,1,1
EDGE,W1,17,13,1,1,1
EDGE,W1,17,14,1,1,1
EDGE,W1,17,15,1,1,1
EDGE,W1,17,16,1,1,1
EDGE,W1,17,17,1,1,1
EDGE,W1,17,18,1,1,1
EDGE,W1,17,19,1,1,1
EDGE,W1,17,20,1,1,1
EDGE,W1,17,21,1,1,1
EDGE,W1,17,22,1,1,1
EDGE,W1,17,23,1,1,1
EDGE,W1,17,24,1,1,1
EDGE,W1,17,25,1,1,1
EDGE,W1,17,26,5,51,0
EDGE,W1,17,27,1,1,1
EDGE,W1,17,28,1,1,1
EDGE,W1,17,29,8,81,0
EDGE,W1,17,30,1,1,1
EDGE,W1,17,31,1,1,1
EDGE,W1,17,32,1,1,1
EDGE,W1,17,33,1,1,1
EDGE,W1,17,34,1,1,1
EDGE,W1,17,35,8,81,0
EDGE,W1,17,36,7,71,0
EDGE,W1,17,37,1,1,1
EDGE,W1,17,38,1,1,1
EDGE,W1,18,1,1,1,1
EDGE,W1,18,2,7,71,0
EDGE,W1,18,3,1,1,1
EDGE,W1,18,4,1,1,1
EDGE,W1,18,5,1,1,1
EDGE,W1,18,6,1,1,1
EDGE,W1,18,7,1,1,1
EDGE,W1,18,8,1,1,1
EDGE,W1,18,9,1,1,1
EDGE,W1,18,10,1,1,1
EDGE,W1,18,11,1,1,1
EDGE,W1,18,12,5,51,0
EDGE,W1,18,13,1,1,1
EDGE,W1,18,14,1,1,1
EDGE,W1,18,15,1,1,1
EDGE,W1,18,16,1,1,1
EDGE,W1,18,17,1,1,1
EDGE,W1,18,18,1,1,1
EDGE,W1,18,19,1,1,1
EDGE,W1,18,20,1,1,1
EDGE,W1,18,21,1,1,1
EDGE,W1,18,22,1,1,1
EDGE,W1,18,23,1,1,1
EDGE,W1,18,24,1,1,1
EDGE,W1,18,25,1,1,1
EDGE,W1,18,26,1,1,1
EDGE,W1,18,27,1,1,1
EDGE,W1,18,28,1,1,1
EDGE,W1,18,29,1,1,1
EDGE,W1,18,30,1,1,1
EDGE,W1,18,31,1,1,1
EDGE,W1,18,32,1,1,1
EDGE,W1,18,33,1,1,1
EDGE,W1,18,34,5,51,0
EDGE,W1,18,35,1,1,1
EDGE,W1,18,36,1,1,1
EDGE,W1,18,37,8,81,0
EDGE,W1,18,38,7,71,0
EDGE,W1,19,1,7,71,0
EDGE,W1,19,2,1,1,1
EDGE,W1,19,3,7,71,0
EDGE,W1,19,4,8,81,0
EDGE,W1,19,5,1,1,1
EDGE,W1,19,6,1,1,1
EDGE,W1,19,7,5,51,0
EDGE,W1,19,8,1,1,1
EDGE,W1,19,9,1,1,1
EDGE,W1,19,10,1,1,1
EDGE,W1,19,11,1,1,1
EDGE,W1,19,12,1,1,1
EDGE,W1,19,13,1,1,1
EDGE,W1,19,14,1,1,1
EDGE,W1,19,15,1,1,1
EDGE,W1,19,16,1,1,1
EDGE,W1,19,17,1,1,1
EDGE,W1,19,18,1,1,1
EDGE,W1,19,19,1,1,1
EDGE,W1,19,20,1,1,1
EDGE,W1,19,21,1,1,1
EDGE,W1,19,22,5,51,0
EDGE,W1,19,23,1,1,1
EDGE,W1,19,24,1,1,1
EDGE,W1,19,25,5,51,0
EDGE,W1,19,26,5,51,0
EDGE,W1,19,27,1,1,1
EDGE,W1,19,28,1,1,1
EDGE,W1,19,29,1,1,1
EDGE,W1,19,30,1,1,1
EDGE,W1,19,31,1,1,1
EDGE,W1,19,32,1,1,1
EDGE,W1,19,33,1,1,1
EDGE,W1,19,34,1,1,1
EDGE,W1,19,35,1,1,1
EDGE,W1,19,36,1,1,1
EDGE,W1,19,37,7,71,0
EDGE,W1,19,38,1,1,1
EDGE,W1,20,1,1,1,1
EDGE,W1,20,2,7,71,0
EDGE,W1,20,3,1,1,1
EDGE,W1,20,4,1,1,1
EDGE,W1,20,5,1,1,1
EDGE,W1,20,6,1,1,1
EDGE,W1,20,7,1,1,1
EDGE,W1,20,8,1,1,1
EDGE,W1,20,9,1,1,1
EDGE,W1,20,10,1,1,1
EDGE,W1,20,11,1,1,1
EDGE,W1,20,12,1,1,1
EDGE,W1,20,13,8,81,0
EDGE,W1,20,14,1,1,1
EDGE,W1,20,15,1,1,1
EDGE,W1,20,16,1,1,1
EDGE,W1,20,17,1,1,1
EDGE,W1,20,18,1,1,1
EDGE,W1,20,19,1,1,1
EDGE,W1,20,20,5,51,0
EDGE,W1,20,21,1,1,1
EDGE,W1,20,22,1,1,1
EDGE,W1,20,23,5,51,0
EDGE,W1,20,24,1,1,1
EDGE,W1,20,25,1,1,1
EDGE,W1,20,26,1,1,1
EDGE,W1,20,27,1,1,1
EDGE,W1,20,28,1,1,1
EDGE,W1,20,29,1,1,1
EDGE,W1,20,30,1,1,1
EDGE,W1,20,31,1,1,1
EDGE,W1,20,32,1,1,1
EDGE,W1,20,33,1,1,1
EDGE,W1,20,34,1,1,1
EDGE,W1,20,35,5,51,0
EDGE,W1,20,36,7,71,0
EDGE,W1,20,37,1,1,1
EDGE,W1,20,38,1,1,1
EDGE,W1,21,1,1,1,1
EDGE,W1,21,2,1,1,1
EDGE,W1,21,3,1,1,1
EDGE,W1,21,4,1,1,1
EDGE,W1,21,5,1,1,1
EDGE,W1,21,6,1,1,1
EDGE,W1,21,7,1,1,1
EDGE,W1,21,8,1,1,1
EDGE,W1,21,9,1,1,1
EDGE,W1,21,10,1,1,1
EDGE,W1,21,11,5,51,0
EDGE,W1,21,12,1,1,1
EDGE,W1,21,13,1,1,1
EDGE,W1,21,14,1,1,1
EDGE,W1,21,15,1,1,1
EDGE,W1,21,16,1,1,1
EDGE,W1,21,17,1,1,1
EDGE,W1,21,18,1,1,1
EDGE,W1,21,19,1,1,1
EDGE,W1,21,20,1,1,1
EDGE,W1,21,21,1,1,1
EDGE,W1,21,22,1,1,1
EDGE,W1,21,23,1,1,1
EDGE,W1,21,24,1,1,1
EDGE,W1,21,25,1,1,1
EDGE,W1,21,26,1,1,1
EDGE,W1,21,27,1,1,1
EDGE,W1,21,28,1,1,1
EDGE,W1,21,29,8,81,0
EDGE,W1,21,30,1,1,1
EDGE,W1,21,31,1,1,1
EDGE,W1,21,32,1,1,1
EDGE,W1,21,33,1,1,1
EDGE,W1,21,34,1,1,1
EDGE,W1,21,35,1,1,1
EDGE,W1,21,36,7,71,0
EDGE,W1,21,37,1,1,1
EDGE,W1,21,38,1,1,1
EDGE,W1,22,1,1,1,1
EDGE,W1,22,2,7,71,0
EDGE,W1,22,3,7,71,0
EDGE,W1,22,4,1,1,1
EDGE,W1,22,5,5,51,0
EDGE,W1,22,6,1,1,1
EDGE,W1,22,7,1,1,1
EDGE,W1,22,8,1,1,1
EDGE,W1,22,9,1,1,1
EDGE,W1,22,10,1,1,1
EDGE,W1,22,11,1,1,1
EDGE,W1,22,12,1,1,1
EDGE,W1,22,13,1,1,1
EDGE,W1,22,14,1,1,1
EDGE,W1,22,15,1,1,1
EDGE,W1,22,16,1,1,1
EDGE,W1,22,17,1,1,1
EDGE,W1,22,18,1,1,1
EDGE,W1,22,19,5,51,0
EDGE,W1,22,20,1,1,1
EDGE,W1,22,21,1,1,1
EDGE,W1,22,22,1,1,1
EDGE,W1,22,23,1,1,1
EDGE,W1,22,24,1,1,1
EDGE,W1,22,25,1,1,1
EDGE,W1,22,26,1,1,1
EDGE,W1,22,27,1,1,1
EDGE,W1,22,28,5,51,0
EDGE,W1,22,29,5,51,0
EDGE,W1,22,30,8,81,0
EDGE,W1,22,31,1,1,1
EDGE,W1,22,32,1,1,1
EDGE,W1,22,33,1,1,1
EDGE,W1,22,34,1,1,1
EDGE,W1,22,35,1,1,1
EDGE,W1,22,36,1,1,1
EDGE,W1,22,37,7,71,0
EDGE,W1,22,38,7,71,0
EDGE,W1,23,1,1,1,1
EDGE,W1,23,2,7,71,0
EDGE,W1,23,3,1,1,1
EDGE,W1,23,4,1,1,1
EDGE,W1,23,5,1,1,1
EDGE,W1,23,6,1,1,1
EDGE,W1,23,7,1,1,1
EDGE,W1,23,8,5,51,0
EDGE,W1,23,9,1,1,1
EDGE,W1,23,10,1,1,1
EDGE,W1,23,11,1,1,1
EDGE,W1,23,12,1,1,1
EDGE,W1,23,13,1,1,1
EDGE,W1,23,14,1,1,1
EDGE,W1,23,15,5,51,0
EDGE,W1,23,16,1,1,1
EDGE,W1,23,17,8,81,0
EDGE,W1,23,18,1,1,1
EDGE,W1,23,19,1,1,1
EDGE,W1,23,20,1,1,1
EDGE,W1,23,21,1,1,1
EDGE,W1,23,22,1,1,1
EDGE,W1,23,23,1,1,1
EDGE,W1,23,24,1,1,1
EDGE,W1,23,25,1,1,1
EDGE,W1,23,26,1,1,1
EDGE,W1,23,27,1,1,1
EDGE,W1,23,28,1,1,1
EDGE,W1,23,29,1,1,1
EDGE,W1,23,30,1,1,1
EDGE,W1,23,31,1,1,1
EDGE,W1,23,32,5,51,0
EDGE,W1,23,33,8,81,0
EDGE,W1,23,34,1,1,1
EDGE,W1,23,35,1,1,1
EDGE,W1,23,36,1,1,1
EDGE,W1,23,37,1,1,1
EDGE,W1,23,38,7,71,0
EDGE,W1,24,1,7,71,0
EDGE,W1,24,2,1,1,1
EDGE,W1,24,3,7,71,0
EDGE,W1,24,4,7,71,0
EDGE,W1,24,5,1,1,1
EDGE,W1,24,6,1,1,1
EDGE,W1,24,7,1,1,1
EDGE,W1,24,8,5,51,0
EDGE,W1,24,9,1,1,1
EDGE,W1,24,10,1,1,1
EDGE,W1,24,11,1,1,1
EDGE,W1,24,12,1,1,1
EDGE,W1,24,13,1,1,1
EDGE,W1,24,14,1,1,1
EDGE,W1,24,15,1,1,1
EDGE,W1,24,16,1,1,1
EDGE,W1,24,17,1,1,1
EDGE,W1,24,18,1,1,1
EDGE,W1,24,19,1,1,1
EDGE,W1,24,20,5,51,0
EDGE,W1,24,21,1,1,1
EDGE,W1,24,22,1,1,1
EDGE,W1,24,23,1,1,1
EDGE,W1,24,24,1,1,1
EDGE,W1,24,25,5,51,0
EDGE,W1,24,26,1,1,1
EDGE,W1,24,27,1,1,1
EDGE,W1,24,28,1,1,1
EDGE,W1,24,29,1,1,1
EDGE,W1,24,30,5,51,0
EDGE,W1,24,31,1,1,1
EDGE,W1,24,32,1,1,1
EDGE,W1,24,33,1,1,1
EDGE,W1,24,34,1,1,1
EDGE,W1,24,35,1,1,1
EDGE,W1,24,36,1,1,1
EDGE,W1,24,37,7,71,0
EDGE,W1,24,38,7,71,0
EDGE,W1,25,1,1,1,1
EDGE,W1,25,2,7,71,0
EDGE,W1,25,3,1,1,1
EDGE,W1,25,4,1,1,1
EDGE,W1,25,5,1,1,1
EDGE,W1,25,6,1,1,1
EDGE,W1,25,7,1,1,1
EDGE,W1,25,8,1,1,1
EDGE,W1,25,9,5,51,0
EDGE,W1,25,10,1,1,1
EDGE,W1,25,11,1,1,1
EDGE,W1,25,12,1,1,1
EDGE,W1,25,13,1,1,1
EDGE,W1,25,14,1,1,1
EDGE,W1,25,15,1,1,1
EDGE,W1,25,16,1,1,1
EDGE,W1,25,17,1,1,1
EDGE,W1,25,18,1,1,1
EDGE,W1,25,19,1,1,1
EDGE,W1,25,20,1,1,1
EDGE,W1,25,21,1,1,1
EDGE,W1,25,22,1,1,1
EDGE,W1,25,23,1,1,1
EDGE,W1,25,24,1,1,1
EDGE,W1,25,25,1,1,1
EDGE,W1,25,26,1,1,1
EDGE,W1,25,27,1,1,1
EDGE,W1,25,28,1,1,1
EDGE,W1,25,29,1,1,1
EDGE,W1,25,30,1,1,1
EDGE,W1,25,31,8,81,0
EDGE,W1,25,32,1,1,1
EDGE,W1,25,33,1,1,1
EDGE,W1,25,34,1,1,1
EDGE,W1,25,35,7,71,0
EDGE,W1,25,36,7,71,0
EDGE,W1,25,37,7,71,0
EDGE,W1,25,38,7,71,0
EDGE,W1,26,2,7,71,0
EDGE,W1,26,3,7,71,0
EDGE,W1,26,4,7,71,0
EDGE,W1,26,5,1,1,1
EDGE,W1,26,6,1,1,1
EDGE,W1,26,7,1,1,1
EDGE,W1,26,8,1,1,1
EDGE,W1,26,9,1,1,1
EDGE,W1,26,10,1,1,1
EDGE,W1,26,11,1,1,1
EDGE,W1,26,12,1,1,1
EDGE,W1,26,13,1,1,1
EDGE,W1,26,14,1,1,1
EDGE,W1,26,15,1,1,1
EDGE,W1,26,16,1,1,1
EDGE,W1,26,17,1,1,1
EDGE,W1,26,18,5,51,0
EDGE,W1,26,19,1,1,1
EDGE,W1,26,20,1,1,1
EDGE,W1,26,21,1,1,1
EDGE,W1,26,22,1,1,1
EDGE,W1,26,23,1,1,1
EDGE,W1,26,24,1,1,1
EDGE,W1,26,25,1,1,1
EDGE,W1,26,26,1,1,1
EDGE,W1,26,27,1,1,1
EDGE,W1,26,28,1,1,1
EDGE,W1,26,29,1,1,1
EDGE,W1,26,30,8,81,0
EDGE,W1,26,31,1,1,1
EDGE,W1,26,32,1,1,1
EDGE,W1,26,33,1,1,1
EDGE,W1,26,34,1,1,1
EDGE,W1,26,35,7,71,0
EDGE,W1,26,36,1,1,1
EDGE,W1,26,37,1,1,1
EDGE,W1,27,2,1,1,1
EDGE,W1,27,3,7,71,0
EDGE,W1,27,4,7,71,0
EDGE,W1,27,5,1,1,1
EDGE,W1,27,6,1,1,1
EDGE,W1,27,7,1,1,1
EDGE,W1,27,8,1,1,1
EDGE,W1,27,9,1,1,1
EDGE,W1,27,10,1,1,1
EDGE,W1,27,11,1,1,1
EDGE,W1,27,12,1,1,1
EDGE,W1,27,13,1,1,1
EDGE,W1,27,14,1,1,1
EDGE,W1,27,15,1,1,1
EDGE,W1,27,16,1,1,1
EDGE,W1,27,17,1,1,1
EDGE,W1,27,18,1,1,1
EDGE,W1,27,19,1,1,1
EDGE,W1,27,20,1,1,1
EDGE,W1,27,21,1,1,1
EDGE,W1,27,22,1,1,1
EDGE,W1,27,23,1,1,1
EDGE,W1,27,24,1,1,1
EDGE,W1,27,25,1,1,1
EDGE,W1,27,26,1,1,1
EDGE,W1,27,27,1,1,1
EDGE,W1,27,28,1,1,1
EDGE,W1,27,29,8,81,0
EDGE,W1,27,30,1,1,1
EDGE,W1,27,31,1,1,1
EDGE,W1,27,32,1,1,1
EDGE,W1,27,33,1,1,1
EDGE,W1,27,34,7,71,0
EDGE,W1,27,35,1,1,1
EDGE,W1,27,36,7,71,0
EDGE,W1,27,37,1,1,1
EDGE,W1,28,2,7,71,0
EDGE,W1,28,3,7,71,0
EDGE,W1,28,4,1,1,1
EDGE,W1,28,5,7,71,0
EDGE,W1,28,6,1,1,1
EDGE,W1,28,7,5,51,0
EDGE,W1,28,8,1,1,1
EDGE,W1,28,9,1,1,1
EDGE,W1,28,10,1,1,1
EDGE,W1,28,11,1,1,1
EDGE,W1,28,12,1,1,1
EDGE,W1,28,13,1,1,1
EDGE,W1,28,14,1,1,1
EDGE,W1,28,15,1,1,1
EDGE,W1,28,16,1,1,1
EDGE,W1,28,17,1,1,1
EDGE,W1,28,18,5,51,0
EDGE,W1,28,19,1,1,1
EDGE,W1,28,20,1,1,1
EDGE,W1,28,21,1,1,1
EDGE,W1,28,22,1,1,1
EDGE,W1,28,23,1,1,1
EDGE,W1,28,24,5,51,0
EDGE,W1,28,25,1,1,1
EDGE,W1,28,26,1,1,1
EDGE,W1,28,27,1,1,1
EDGE,W1,28,28,8,81,0
EDGE,W1,28,29,1,1,1
EDGE,W1,28,30,1,1,1
EDGE,W1,28,31,1,1,1
EDGE,W1,28,32,1,1,1
EDGE,W1,28,33,1,1,1
EDGE,W1,28,34,7,71,0
EDGE,W1,28,35,1,1,1
EDGE,W1,28,36,7,71,0
EDGE,W1,28,37,1,1,1
EDGE,W1,29,3,1,1,1
EDGE,W1,29,4,7,71,0
EDGE,W1,29,5,1,1,1
EDGE,W1,29,6,7,71,0
EDGE,W1,29,7,1,1,1
EDGE,W1,29,8,1,1,1
EDGE,W1,29,9,1,1,1
EDGE,W1,29,10,1,1,1
EDGE,W1,29,11,1,1,1
EDGE,W1,29,12,1,1,1
EDGE,W1,29,13,1,1,1
EDGE,W1,29,14,1,1,1
EDGE,W1,29,15,1,1,1
EDGE,W1,29,16,1,1,1
EDGE,W1,29,17,1,1,1
EDGE,W1,29,18,1,1,1
EDGE,W1,29,19,1,1,1
EDGE,W1,29,20,1,1,1
EDGE,W1,29,21,1,1,1
EDGE,W1,29,22,1,1,1
EDGE,W1,29,23,1,1,1
EDGE,W1,29,24,1,1,1
EDGE,W1,29,25,1,1,1
EDGE,W1,29,26,1,1,1
EDGE,W1,29,27,1,1,1
EDGE,W1,29,28,5,51,0
EDGE,W1,29,29,1,1,1
EDGE,W1,29,30,1,1,1
EDGE,W1,29,31,1,1,1
EDGE,W1,29,32,1,1,1
EDGE,W1,29,33,1,1,1
EDGE,W1,29,34,1,1,1
EDGE,W1,29,35,1,1,1
EDGE,W1,29,36,7,71,0
EDGE,W1,30,4,1,1,1
EDGE,W1,30,5,1,1,1
EDGE,W1,30,6,1,1,1
EDGE,W1,30,7,1,1,1
EDGE,W1,30,8,1,1,1
EDGE,W1,30,9,1,1,1
EDGE,W1,30,10,1,1,1
EDGE,W1,30,11,1,1,1
EDGE,W1,30,12,1,1,1
EDGE,W1,30,13,1,1,1
EDGE,W1,30,14,1,1,1
EDGE,W1,30,15,5,51,0
EDGE,W1,30,16,1,1,1
EDGE,W1,30,17,1,1,1
EDGE,W1,30,18,1,1,1
EDGE,W1,30,19,1,1,1
EDGE,W1,30,20,5,51,0
EDGE,W1,30,21,1,1,1
EDGE,W1,30,22,1,1,1
EDGE,W1,30,23,1,1,1
EDGE,W1,30,24,1,1,1
EDGE,W1,30,25,1,1,1
EDGE,W1,30,26,1,1,1
EDGE,W1,30,27,1,1,1
EDGE,W1,30,28,1,1,1
EDGE,W1,30,29,1,1,1
EDGE,W1,30,30,1,1,1
EDGE,W1,30,31,1,1,1
EDGE,W1,30,32,7,71,0
EDGE,W1,30,33,1,1,1
EDGE,W1,30,34,1,1,1
EDGE,W1,30,35,1,1,1
EDGE,W1,31,4,1,1,1
EDGE,W1,31,5,1,1,1
EDGE,W1,31,6,5,51,0
EDGE,W1,31,7,7,71,0
EDGE,W1,31,8,1,1,1
EDGE,W1,31,9,1,1,1
EDGE,W1,31,10,1,1,1
EDGE,W1,31,11,1,1,1
EDGE,W1,31,12,5,51,0
EDGE,W1,31,13,1,1,1
EDGE,W1,31,14,8,81,0
EDGE,W1,31,15,1,1,1
EDGE,W1,31,16,1,1,1
EDGE,W1,31,17,1,1,1
EDGE,W1,31,18,1,1,1
EDGE,W1,31,19,1,1,1
EDGE,W1,31,20,1,1,1
EDGE,W1,31,21,1,1,1
EDGE,W1,31,22,1,1,1
EDGE,W1,31,23,1,1,1
EDGE,W1,31,24,1,1,1
EDGE,W1,31,25,1,1,1
EDGE,W1,31,26,1,1,1
EDGE,W1,31,27,1,1,1
EDGE,W1,31,28,1,1,1
EDGE,W1,31,29,1,1,1
EDGE,W1,31,30,1,1,1
EDGE,W1,31,31,7,71,0
EDGE,W1,31,32,1,1,1
EDGE,W1,31,33,1,1,1
EDGE,W1,31,34,5,51,0
EDGE,W1,31,35,7,71,0
EDGE,W1,32,5,7,71,0
EDGE,W1,32,6,7,71,0
EDGE,W1,32,7,7,71,0
EDGE,W1,32,8,7,71,0
EDGE,W1,32,9,5,51,0
EDGE,W1,32,10,1,1,1
EDGE,W1,32,11,1,1,1
EDGE,W1,32,12,1,1,1
EDGE,W1,32,13,1,1,1
EDGE,W1,32,14,1,1,1
EDGE,W1,32,15,1,1,1
EDGE,W1,32,16,1,1,1
EDGE,W1,32,17,1,1,1
EDGE,W1,32,18,1,1,1
EDGE,W1,32,19,1,1,1
EDGE,W1,32,20,1,1,1
EDGE,W1,32,21,1,1,1
EDGE,W1,32,22,1,1,1
EDGE,W1,32,23,1,1,1
EDGE,W1,32,24,1,1,1
EDGE,W1,32,25,5,51,0
EDGE,W1,32,26,5,51,0
EDGE,W1,32,27,1,1,1
EDGE,W1,32,28,1,1,1
EDGE,W1,32,29,1,1,1
EDGE,W1,32,30,1,1,1
EDGE,W1,32,31,7,71,0
EDGE,W1,32,32,1,1,1
EDGE,W1,32,33,1,1,1
EDGE,W1,32,34,7,71,0
EDGE,W1,33,6,7,71,0
EDGE,W1,33,7,1,1,1
EDGE,W1,33,8,7,71,0
EDGE,W1,33,9,7,71,0
EDGE,W1,33,10,7,71,0
EDGE,W1,33,11,1,1,1
EDGE,W1,33,12,1,1,1
EDGE,W1,33,13,1,1,1
EDGE,W1,33,14,1,1,1
EDGE,W1,33,15,1,1,1
EDGE,W1,33,16,1,1,1
EDGE,W1,33,17,1,1,1
EDGE,W1,33,18,1,1,1
EDGE,W1,33,19,1,1,1
EDGE,W1,33,20,8,81,0
EDGE,W1,33,21,1,1,1
EDGE,W1,33,22,1,1,1
EDGE,W1,33,23,1,1,1
EDGE,W1,33,24,1,1,1
EDGE,W1,33,25,1,1,1
EDGE,W1,33,26,1,1,1
EDGE,W1,33,27,1,1,1
EDGE,W1,33,28,8,81,0
EDGE,W1,33,29,7,71,0
EDGE,W1,33,30,7,71,0
EDGE,W1,33,31,1,1,1
EDGE,W1,33,32,7,71,0
EDGE,W1,33,33,7,71,0
EDGE,W1,34,7,7,71,0
EDGE,W1,34,8,7,71,0
EDGE,W1,34,9,7,71,0
EDGE,W1,34,10,7,71,0
EDGE,W1,34,11,7,71,0
EDGE,W1,34,12,7,71,0
EDGE,W1,34,13,1,1,1
EDGE,W1,34,14,1,1,1
EDGE,W1,34,15,1,1,1
EDGE,W1,34,16,1,1,1
EDGE,W1,34,17,5,51,0
EDGE,W1,34,18,8,81,0
EDGE,W1,34,19,1,1,1
EDGE,W1,34,20,1,1,1
EDGE,W1,34,21,1,1,1
EDGE,W1,34,22,1,1,1
EDGE,W1,34,23,1,1,1
EDGE,W1,34,24,1,1,1
EDGE,W1,34,25,1,1,1
EDGE,W1,34,26,5,51,0
EDGE,W1,34,27,7,71,0
EDGE,W1,34,28,1,1,1
EDGE,W1,34,29,1,1,1
EDGE,W1,34,30,1,1,1
EDGE,W1,34,31,1,1,1
EDGE,W1,34,32,1,1,1
EDGE,W1,35,8,1,1,1
EDGE,W1,35,9,1,1,1
EDGE,W1,35,10,7,71,0
EDGE,W1,35,11,1,1,1
EDGE,W1,35,12,1,1,1
EDGE,W1,35,13,7,71,0
EDGE,W1,35,14,8,81,0
EDGE,W1,35,15,7,71,0
EDGE,W1,35,16,1,1,1
EDGE,W1,35,17,1,1,1
EDGE,W1,35,18,1,1,1
EDGE,W1,35,19,1,1,1
EDGE,W1,35,20,1,1,1
EDGE,W1,35,21,1,1,1
EDGE,W1,35,22,1,1,1
EDGE,W1,35,23,1,1,1
EDGE,W1,35,24,1,1,1
EDGE,W1,35,25,7,71,0
EDGE,W1,35,26,1,1,1
EDGE,W1,35,27,7,71,0
EDGE,W1,35,28,1,1,1
EDGE,W1,35,29,7,71,0
EDGE,W1,35,30,7,71,0
EDGE,W1,35,31,5,51,0
EDGE,W1,36,10,7,71,0
EDGE,W1,36,11,7,71,0
EDGE,W1,36,12,1,1,1
EDGE,W1,36,13,7,71,0
EDGE,W1,36,14,5,51,0
EDGE,W1,36,15,1,1,1
EDGE,W1,36,16,7,71,0
EDGE,W1,36,17,7,71,0
EDGE,W1,36,18,7,71,0
EDGE,W1,36,19,7,71,0
EDGE,W1,36,20,1,1,1
EDGE,W1,36,21,1,1,1
EDGE,W1,36,22,7,71,0
EDGE,W1,36,23,7,71,0
EDGE,W1,36,24,1,1,1
EDGE,W1,36,25,1,1,1
EDGE,W1,36,26,7,71,0
EDGE,W1,36,27,1,1,1
EDGE,W1,36,28,7,71,0
EDGE,W1,36,29,1,1,1
EDGE,W1,37,11,1,1,1
EDGE,W1,37,12,7,71,0
EDGE,W1,37,13,1,1,1
EDGE,W1,37,14,1,1,1
EDGE,W1,37,15,7,71,0
EDGE,W1,37,16,7,71,0
EDGE,W1,37,17,1,1,1
EDGE,W1,37,18,7,71,0
EDGE,W1,37,19,7,71,0
EDGE,W1,37,20,1,1,1
EDGE,W1,37,21,1,1,1
EDGE,W1,37,22,8,81,0
EDGE,W1,37,23,7,71,0
EDGE,W1,37,24,7,71,0
EDGE,W1,37,25,7,71,0
EDGE,W1,37,26,7,71,0
EDGE,W1,37,27,1,1,1
EDGE,W1,37,28,7,71,0
EDGE,W1,38,14,1,1,1
EDGE,W1,38,15,7,71,0
EDGE,W1,38,16,7,71,0
EDGE,W1,38,17,1,1,1
EDGE,W1,38,18,7,71,0
EDGE,W1,38,19,1,1,1
EDGE,W1,38,20,7,71,0
EDGE,W1,38,21,1,1,1
EDGE,W1,38,22,7,71,0
EDGE,W1,38,23,1,1,1
EDGE,W1,38,24,1,1,1
EDGE,W1,38,25,1,1,1
EDGE,W2,1,14,7,71,0
EDGE,W2,1,15,1,1,1
EDGE,W2,1,16,1,1,1
EDGE,W2,1,17,1,1,1
EDGE,W2,1,18,7,71,0
EDGE,W2,1,19,7,71,0
EDGE,W2,1,20,1,1,1
EDGE,W2,1,21,7,71,0
EDGE,W2,1,22,1,1,1
EDGE,W2,1,23,7,71,0
EDGE,W2,1,24,7,71,0
EDGE,W2,1,25,5,51,0
EDGE,W2,2,11,1,1,1
EDGE,W2,2,12,7,71,0
EDGE,W2,2,13,5,51,0
EDGE,W2,2,14,1,1,1
EDGE,W2,2,15,1,1,1
EDGE,W2,2,16,7,71,0
EDGE,W2,2,17,1,1,1
EDGE,W2,2,18,1,1,1
EDGE,W2,2,19,1,1,1
EDGE,W2,2,20,7,71,0
EDGE,W2,2,21,1,1,1
EDGE,W2,2,22,1,1,1
EDGE,W2,2,23,7,71,0
EDGE,W2,2,24,1,1,1
EDGE,W2,2,25,1,1,1
EDGE,W2,2,26,1,1,1
EDGE,W2,2,27,7,71,0
EDGE,W2,2,28,1,1,1
EDGE,W2,3,10,7,71,0
EDGE,W2,3,11,7,71,0
EDGE,W2,3,12,7,71,0
EDGE,W2,3,13,7,71,0
EDGE,W2,3,14,8,81,0
EDGE,W2,3,15,7,71,0
EDGE,W2,3,16,7,71,0
EDGE,W2,3,17,1,1,1
EDGE,W2,3,18,7,71,0
EDGE,W2,3,19,7,71,0
EDGE,W2,3,20,1,1,1
EDGE,W2,3,21,1,1,1
EDGE,W2,3,22,1,1,1
EDGE,W2,3,23,7,71,0
EDGE,W2,3,24,7,71,0
EDGE,W2,3,25,7,71,0
EDGE,W2,3,26,7,71,0
EDGE,W2,3,27,7,71,0
EDGE,W2,3,28,1,1,1
EDGE,W2,3,29,1,1,1
EDGE,W2,4,8,7,71,0
EDGE,W2,4,9,7,71,0
EDGE,W2,4,10,1,1,1
EDGE,W2,4,11,7,71,0
EDGE,W2,4,12,5,51,0
EDGE,W2,4,13,1,1,1
EDGE,W2,4,14,1,1,1
EDGE,W2,4,15,7,71,0
EDGE,W2,4,16,1,1,1
EDGE,W2,4,17,1,1,1
EDGE,W2,4,18,1,1,1
EDGE,W2,4,19,1,1,1
EDGE,W2,4,20,1,1,1
EDGE,W2,4,21,1,1,1
EDGE,W2,4,22,1,1,1
EDGE,W2,4,23,1,1,1
EDGE,W2,4,24,1,1,1
EDGE,W2,4,25,1,1,1
EDGE,W2,4,26,7,71,0
EDGE,W2,4,27,1,1,1
EDGE,W2,4,28,7,71,0
EDGE,W2,4,29,1,1,1
EDGE,W2,4,30,1,1,1
EDGE,W2,4,31,7,71,0
EDGE,W2,5,7,1,1,1
EDGE,W2,5,8,1,1,1
EDGE,W2,5,9,7,71,0
EDGE,W2,5,10,1,1,1
EDGE,W2,5,11,1,1,1
EDGE,W2,5,12,5,51,0
EDGE,W2,5,13,1,1,1
EDGE,W2,5,14,1,1,1
EDGE,W2,5,15,1,1,1
EDGE,W2,5,16,1,1,1
EDGE,W2,5,17,1,1,1
EDGE,W2,5,18,1,1,1
EDGE,W2,5,19,1,1,1
EDGE,W2,5,20,1,1,1
EDGE,W2,5,21,1,1,1
EDGE,W2,5,22,1,1,1
EDGE,W2,5,23,1,1,1
EDGE,W2,5,24,1,1,1
EDGE,W2,5,25,1,1,1
EDGE,W2,5,26,1,1,1
EDGE,W2,5,27,1,1,1
EDGE,W2,5,28,8,81,0
EDGE,W2,5,29,7,71,0
EDGE,W2,5,30,1,1,1
EDGE,W2,5,31,1,1,1
EDGE,W2,5,32,1,1,1
EDGE,W2,6,6,7,71,0
EDGE,W2,6,7,1,1,1
EDGE,W2,6,8,7,71,0
EDGE,W2,6,9,7,71,0
EDGE,W2,6,10,7,71,0
EDGE,W2,6,11,1,1,1
EDGE,W2,6,12,1,1,1
EDGE,W2,6,13,1,1,1
EDGE,W2,6,14,1,1,1
EDGE,W2,6,15,1,1,1
EDGE,W2,6,16,1,1,1
EDGE,W2,6,17,1,1,1
EDGE,W2,6,18,1,1,1
EDGE,W2,6,19,1,1,1
EDGE,W2,6,20,1,1,1
EDGE,W2,6,21,1,1,1
EDGE,W2,6,22,5,51,0
EDGE,W2,6,23,1,1,1
EDGE,W2,6,24,1,1,1
EDGE,W2,6,25,5,51,0
EDGE,W2,6,26,1,1,1
EDGE,W2,6,27,1,1,1
EDGE,W2,6,28,1,1,1
EDGE,W2,6,29,7,71,0
EDGE,W2,6,30,1,1,1
EDGE,W2,6,31,7,71,0
EDGE,W2,6,32,7,71,0
EDGE,W2,6,33,7,71,0
EDGE,W2,7,5,7,71,0
EDGE,W2,7,6,1,1,1
EDGE,W2,7,7,1,1,1
EDGE,W2,7,8,1,1,1
EDGE,W2,7,9,1,1,1
EDGE,W2,7,10,1,1,1
EDGE,W2,7,11,1,1,1
EDGE,W2,7,12,1,1,1
EDGE,W2,7,13,1,1,1
EDGE,W2,7,14,5,51,0
EDGE,W2,7,15,1,1,1
EDGE,W2,7,16,1,1,1
EDGE,W2,7,17,1,1,1
EDGE,W2,7,18,1,1,1
EDGE,W2,7,19,8,81,0
EDGE,W2,7,20,1,1,1
EDGE,W2,7,21,1,1,1
EDGE,W2,7,22,1,1,1
EDGE,W2,7,23,1,1,1
EDGE,W2,7,24,1,1,1
EDGE,W2,7,25,1,1,1
EDGE,W2,7,26,1,1,1
EDGE,W2,7,27,1,1,1
EDGE,W2,7,28,1,1,1
EDGE,W2,7,29,1,1,1
EDGE,W2,7,30,5,51,0
EDGE,W2,7,31,1,1,1
EDGE,W2,7,32,1,1,1
EDGE,W2,7,33,1,1,1
EDGE,W2,7,34,1,1,1
EDGE,W2,8,4,7,71,0
EDGE,W2,8,5,7,71,0
EDGE,W2,8,6,1,1,1
EDGE,W2,8,7,7,71,0
EDGE,W2,8,8,7,71,0
EDGE,W2,8,9,1,1,1
EDGE,W2,8,10,1,1,1
EDGE,W2,8,11,1,1,1
EDGE,W2,8,12,1,1,1
EDGE,W2,8,13,5,51,0
EDGE,W2,8,14,1,1,1
EDGE,W2,8,15,1,1,1
EDGE,W2,8,16,1,1,1
EDGE,W2,8,17,1,1,1
EDGE,W2,8,18,1,1,1
EDGE,W2,8,19,1,1,1
EDGE,W2,8,20,1,1,1
EDGE,W2,8,21,1,1,1
EDGE,W2,8,22,1,1,1
EDGE,W2,8,23,1,1,1
EDGE,W2,8,24,1,1,1
EDGE,W2,8,25,1,1,1
EDGE,W2,8,26,1,1,1
EDGE,W2,8,27,1,1,1
EDGE,W2,8,28,1,1,1
EDGE,W2,8,29,1,1,1
EDGE,W2,8,30,1,1,1
EDGE,W2,8,31,7,71,0
EDGE,W2,8,32,7,71,0
EDGE,W2,8,33,1,1,1
EDGE,W2,8,34,1,1,1
EDGE,W2,8,35,7,71,0
EDGE,W2,9,4,1,1,1
EDGE,W2,9,5,7,71,0
EDGE,W2,9,6,1,1,1
EDGE,W2,9,7,1,1,1
EDGE,W2,9,8,1,1,1
EDGE,W2,9,9,1,1,1
EDGE,W2,9,10,1,1,1
EDGE,W2,9,11,1,1,1
EDGE,W2,9,12,1,1,1
EDGE,W2,9,13,1,1,1
EDGE,W2,9,14,1,1,1
EDGE,W2,9,15,1,1,1
EDGE,W2,9,16,1,1,1
EDGE,W2,9,17,1,1,1
EDGE,W2,9,18,1,1,1
EDGE,W2,9,19,1,1,1
EDGE,W2,9,20,5,51,0
EDGE,W2,9,21,1,1,1
EDGE,W2,9,22,1,1,1
EDGE,W2,9,23,1,1,1
EDGE,W2,9,24,1,1,1
EDGE,W2,9,25,1,1,1
EDGE,W2,9,26,1,1,1
EDGE,W2,9,27,1,1,1
EDGE,W2,9,28,8,81,0
EDGE,W2,9,29,1,1,1
EDGE,W2,9,30,1,1,1
EDGE,W2,9,31,1,1,1
EDGE,W2,9,32,7,71,0
EDGE,W2,9,33,1,1,1
EDGE,W2,9,34,1,1,1
EDGE,W2,9,35,1,1,1
EDGE,W2,10,3,1,1,1
EDGE,W2,10,4,1,1,1
EDGE,W2,10,5,7,71,0
EDGE,W2,10,6,7,71,0
EDGE,W2,10,7,1,1,1
EDGE,W2,10,8,1,1,1
EDGE,W2,10,9,5,51,0
EDGE,W2,10,10,1,1,1
EDGE,W2,10,11,1,1,1
EDGE,W2,10,12,1,1,1
EDGE,W2,10,13,1,1,1
EDGE,W2,10,14,8,81,0
EDGE,W2,10,15,1,1,1
EDGE,W2,10,16,1,1,1
EDGE,W2,10,17,1,1,1
EDGE,W2,10,18,1,1,1
EDGE,W2,10,19,1,1,1
EDGE,W2,10,20,1,1,1
EDGE,W2,10,21,1,1,1
EDGE,W2,10,22,1,1,1
EDGE,W2,10,23,1,1,1
EDGE,W2,10,24,1,1,1
EDGE,W2,10,25,1,1,1
EDGE,W2,10,26,1,1,1
EDGE,W2,10,27,1,1,1
EDGE,W2,10,28,5,51,0
EDGE,W2,10,29,1,1,1
EDGE,W2,10,30,1,1,1
EDGE,W2,10,31,8,81,0
EDGE,W2,10,32,1,1,1
EDGE,W2,10,33,7,71,0
EDGE,W2,10,34,1,1,1
EDGE,W2,10,35,7,71,0
EDGE,W2,10,36,7,71,0
EDGE,W2,11,2,7,71,0
EDGE,W2,11,3,7,71,0
EDGE,W2,11,4,7,71,0
EDGE,W2,11,5,7,71,0
EDGE,W2,11,6,1,1,1
EDGE,W2,11,7,1,1,1
EDGE,W2,11,8,1,1,1
EDGE,W2,11,9,8,81,0
EDGE,W2,11,10,5,51,0
EDGE,W2,11,11,1,1,1
EDGE,W2,11,12,1,1,1
EDGE,W2,11,13,1,1,1
EDGE,W2,11,14,1,1,1
EDGE,W2,11,15,1,1,1
EDGE,W2,11,16,1,1,1
EDGE,W2,11,17,1,1,1
EDGE,W2,11,18,1,1,1
EDGE,W2,11,19,1,1,1
EDGE,W2,11,20,1,1,1
EDGE,W2,11,21,1,1,1
EDGE,W2,11,22,1,1,1
EDGE,W2,11,23,5,51,0
EDGE,W2,11,24,1,1,1
EDGE,W2,11,25,1,1,1
EDGE,W2,11,26,1,1,1
EDGE,W2,11,27,1,1,1
EDGE,W2,11,28,1,1,1
EDGE,W2,11,29,1,1,1
EDGE,W2,11,30,1,1,1
EDGE,W2,11,31,1,1,1
EDGE,W2,11,32,1,1,1
EDGE,W2,11,33,1,1,1
EDGE,W2,11,34,1,1,1
EDGE,W2,11,35,1,1,1
EDGE,W2,11,36,7,71,0
EDGE,W2,11,37,1,1,1
EDGE,W2,12,2,1,1,1
EDGE,W2,12,3,7,71,0
EDGE,W2,12,4,1,1,1
EDGE,W2,12,5,1,1,1
EDGE,W2,12,6,1,1,1
EDGE,W2,12,7,5,51,0
EDGE,W2,12,8,1,1,1
EDGE,W2,12,9,1,1,1
EDGE,W2,12,10,1,1,1
EDGE,W2,12,11,1,1,1
EDGE,W2,12,12,1,1,1
EDGE,W2,12,13,1,1,1
EDGE,W2,12,14,5,51,0
EDGE,W2,12,15,1,1,1
EDGE,W2,12,16,1,1,1
EDGE,W2,12,17,1,1,1
EDGE,W2,12,18,1,1,1
EDGE,W2,12,19,1,1,1
EDGE,W2,12,20,1,1,1
EDGE,W2,12,21,1,1,1
EDGE,W2,12,22,1,1,1
EDGE,W2,12,23,1,1,1
EDGE,W2,12,24,1,1,1
EDGE,W2,12,25,1,1,1
EDGE,W2,12,26,1,1,1
EDGE,W2,12,27,1,1,1
EDGE,W2,12,28,1,1,1
EDGE,W2,12,29,1,1,1
EDGE,W2,12,30,1,1,1
EDGE,W2,12,31,1,1,1
EDGE,W2,12,32,1,1,1
EDGE,W2,12,33,1,1,1
EDGE,W2,12,34,1,1,1
EDGE,W2,12,35,7,71,0
EDGE,W2,12,36,1,1,1
EDGE,W2,12,37,7,71,0
EDGE,W2,13,2,7,71,0
EDGE,W2,13,3,7,71,0
EDGE,W2,13,4,1,1,1
EDGE,W2,13,5,1,1,1
EDGE,W2,13,6,1,1,1
EDGE,W2,13,7,8,81,0
EDGE,W2,13,8,1,1,1
EDGE,W2,13,9,1,1,1
EDGE,W2,13,10,1,1,1
EDGE,W2,13,11,1,1,1
EDGE,W2,13,12,1,1,1
EDGE,W2,13,13,1,1,1
EDGE,W2,13,14,1,1,1
EDGE,W2,13,15,1,1,1
EDGE,W2,13,16,1,1,1
EDGE,W2,13,17,1,1,1
EDGE,W2,13,18,1,1,1
EDGE,W2,13,19,1,1,1
EDGE,W2,13,20,1,1,1
EDGE,W2,13,21,1,1,1
EDGE,W2,13,22,1,1,1
EDGE,W2,13,23,1,1,1
EDGE,W2,13,24,1,1,1
EDGE,W2,13,25,8,81,0
EDGE,W2,13,26,1,1,1
EDGE,W2,13,27,1,1,1
EDGE,W2,13,28,1,1,1
EDGE,W2,13,29,1,1,1
EDGE,W2,13,30,1,1,1
EDGE,W2,13,31,1,1,1
EDGE,W2,13,32,1,1,1
EDGE,W2,13,33,1,1,1
EDGE,W2,13,34,1,1,1
EDGE,W2,13,35,1,1,1
EDGE,W2,13,36,7,71,0
EDGE,W2,13,37,7,71,0
EDGE,W2,14,1,7,71,0
EDGE,W2,14,2,7,71,0
EDGE,W2,14,3,1,1,1
EDGE,W2,14,4,1,1,1
EDGE,W2,14,5,1,1,1
EDGE,W2,14,6,1,1,1
EDGE,W2,14,7,1,1,1
EDGE,W2,14,8,1,1,1
EDGE,W2,14,9,1,1,1
EDGE,W2,14,10,1,1,1
EDGE,W2,14,11,1,1,1
EDGE,W2,14,12,1,1,1
EDGE,W2,14,13,1,1,1
EDGE,W2,14,14,1,1,1
EDGE,W2,14,15,1,1,1
EDGE,W2,14,16,1,1,1
EDGE,W2,14,17,1,1,1
EDGE,W2,14,18,1,1,1
EDGE,W2,14,19,1,1,1
EDGE,W2,14,20,5,51,0
EDGE,W2,14,21,1,1,1
EDGE,W2,14,22,1,1,1
EDGE,W2,14,23,1,1,1
EDGE,W2,14,24,1,1,1
EDGE,W2,14,25,1,1,1
EDGE,W2,14,26,1,1,1
EDGE,W2,14,27,1,1,1
EDGE,W2,14,28,1,1,1
EDGE,W2,14,29,1,1,1
EDGE,W2,14,30,1,1,1
EDGE,W2,14,31,1,1,1
EDGE,W2,14,32,1,1,1
EDGE,W2,14,33,1,1,1
EDGE,W2,14,34,1,1,1
EDGE,W2,14,35,7,71,0
EDGE,W2,14,36,1,1,1
EDGE,W2,14,37,1,1,1
EDGE,W2,14,38,1,1,1
EDGE,W2,15,1,8,81,0
EDGE,W2,15,2,1,1,1
EDGE,W2,15,3,1,1,1
EDGE,W2,15,4,7,71,0
EDGE,W2,15,5,1,1,1
EDGE,W2,15,6,8,81,0
EDGE,W2,15,7,1,1,1
EDGE,W2,15,8,1,1,1
EDGE,W2,15,9,1,1,1
EDGE,W2,15,10,1,1,1
EDGE,W2,15,11,1,1,1
EDGE,W2,15,12,1,1,1
EDGE,W2,15,13,1,1,1
EDGE,W2,15,14,1,1,1
EDGE,W2,15,15,1,1,1
EDGE,W2,15,16,1,1,1
EDGE,W2,15,17,1,1,1
EDGE,W2,15,18,1,1,1
EDGE,W2,15,19,1,1,1
EDGE,W2,15,20,1,1,1
EDGE,W2,15,21,1,1,1
EDGE,W2,15,22,1,1,1
EDGE,W2,15,23,1,1,1
EDGE,W2,15,24,1,1,1
EDGE,W2,15,25,1,1,1
EDGE,W2,15,26,1,1,1
EDGE,W2,15,27,1,1,1
EDGE,W2,15,28,1,1,1
EDGE,W2,15,29,1,1,1
EDGE,W2,15,30,1,1,1
EDGE,W2,15,31,1,1,1
EDGE,W2,15,32,1,1,1
EDGE,W2,15,33,1,1,1
EDGE,W2,15,34,1,1,1
EDGE,W2,15,35,7,71,0
EDGE,W2,15,36,5,51,0
EDGE,W2,15,37,1,1,1
EDGE,W2,15,38,7,71,0
EDGE,W2,16,1,1,1,1
EDGE,W2,16,2,1,1,1
EDGE,W2,16,3,1,1,1
EDGE,W2,16,4,1,1,1
EDGE,W2,16,5,1,1,1
EDGE,W2,16,6,1,1,1
EDGE,W2,16,7,1,1,1
EDGE,W2,16,8,1,1,1
EDGE,W2,16,9,1,1,1
EDGE,W2,16,10,1,1,1
EDGE,W2,16,11,1,1,1
EDGE,W2,16,12,1,1,1
EDGE,W2,16,13,1,1,1
EDGE,W2,16,14,1,1,1
EDGE,W2,16,15,1,1,1
EDGE,W2,16,16,1,1,1
EDGE,W2,16,17,1,1,1
EDGE,W2,16,18,1,1,1
EDGE,W2,16,19,1,1,1
EDGE,W2,16,20,1,1,1
EDGE,W2,16,21,1,1,1
EDGE,W2,16,22,1,1,1
EDGE,W2,16,23,1,1,1
EDGE,W2,16,24,1,1,1
EDGE,W2,16,25,1,1,1
EDGE,W2,16,26,1,1,1
EDGE,W2,16,27,1,1,1
EDGE,W2,16,28,1,1,1
EDGE,W2,16,29,5,51,0
EDGE,W2,16,30,1,1,1
EDGE,W2,16,31,1,1,1
EDGE,W2,16,32,1,1,1
EDGE,W2,16,33,1,1,1
EDGE,W2,16,34,1,1,1
EDGE,W2,16,35,1,1,1
EDGE,W2,16,36,7,71,0
EDGE,W2,16,37,1,1,1
EDGE,W2,16,38,1,1,1
EDGE,W2,17,1,1,1,1
EDGE,W2,17,2,7,71,0
EDGE,W2,17,3,7,71,0
EDGE,W2,17,4,1,1,1
EDGE,W2,17,5,1,1,1
EDGE,W2,17,6,1,1,1
EDGE,W2,17,7,1,1,1
EDGE,W2,17,8,1,1,1
EDGE,W2,17,9,1,1,1
EDGE,W2,17,10,5,51,0
EDGE,W2,17,11,1,1,1
EDGE,W2,17,12,1,1,1
EDGE,W2,17,13,1,1,1
EDGE,W2,17,14,1,1,1
EDGE,W2,17,15,1,1,1
EDGE,W2,17,16,1,1,1
EDGE,W2,17,17,1,1,1
EDGE,W2,17,18,1,1,1
EDGE,W2,17,19,1,1,1
EDGE,W2,17,20,1,1,1
EDGE,W2,17,21,1,1,1
EDGE,W2,17,22,1,1,1
EDGE,W2,17,23,1,1,1
EDGE,W2,17,24,1,1,1
EDGE,W2,17,25,1,1,1
EDGE,W2,17,26,1,1,1
EDGE,W2,17,27,1,1,1
EDGE,W2,17,28,1,1,1
EDGE,W2,17,29,1,1,1
EDGE,W2,17,30,1,1,1
EDGE,W2,17,31,1,1,1
EDGE,W2,17,32,1,1,1
EDGE,W2,17,33,1,1,1
EDGE,W2,17,34,1,1,1
EDGE,W2,17,35,1,1,1
EDGE,W2,17,36,1,1,1
EDGE,W2,17,37,1,1,1
EDGE,W2,17,38,7,71,0
EDGE,W2,18,1,1,1,1
EDGE,W2,18,2,7,71,0
EDGE,W2,18,3,1,1,1
EDGE,W2,18,4,1,1,1
EDGE,W2,18,5,1,1,1
EDGE,W2,18,6,1,1,1
EDGE,W2,18,7,1,1,1
EDGE,W2,18,8,1,1,1
EDGE,W2,18,9,1,1,1
EDGE,W2,18,10,1,1,1
EDGE,W2,18,11,1,1,1
EDGE,W2,18,12,1,1,1
EDGE,W2,18,13,1,1,1
EDGE,W2,18,14,1,1,1
EDGE,W2,18,15,1,1,1
EDGE,W2,18,16,1,1,1
EDGE,W2,18,17,1,1,1
EDGE,W2,18,18,1,1,1
EDGE,W2,18,19,1,1,1
EDGE,W2,18,20,1,1,1
EDGE,W2,18,21,1,1,1
EDGE,W2,18,22,1,1,1
EDGE,W2,18,23,1,1,1
EDGE,W2,18,24,1,1,1
EDGE,W2,18,25,1,1,1
EDGE,W2,18,26,1,1,1
EDGE,W2,18,27,1,1,1
EDGE,W2,18,28,1,1,1
EDGE,W2,18,29,1,1,1
EDGE,W2,18,30,1,1,1
EDGE,W2,18,31,1,1,1
EDGE,W2,18,32,8,81,0
EDGE,W2,18,33,1,1,1
EDGE,W2,18,34,1,1,1
EDGE,W2,18,35,1,1,1
EDGE,W2,18,36,1,1,1
EDGE,W2,18,37,1,1,1
EDGE,W2,18,38,1,1,1
EDGE,W2,19,1,1,1,1
EDGE,W2,19,2,1,1,1
EDGE,W2,19,3,1,1,1
EDGE,W2,19,4,1,1,1
EDGE,W2,19,5,1,1,1
EDGE,W2,19,6,1,1,1
EDGE,W2,19,7,1,1,1
EDGE,W2,19,8,1,1,1
EDGE,W2,19,9,1,1,1
EDGE,W2,19,10,5,51,0
EDGE,W2,19,11,1,1,1
EDGE,W2,19,12,1,1,1
EDGE,W2,19,13,1,1,1
EDGE,W2,19,14,1,1,1
EDGE,W2,19,15,1,1,1
EDGE,W2,19,16,1,1,1
EDGE,W2,19,17,1,1,1
EDGE,W2,19,18,5,51,0
EDGE,W2,19,19,1,1,1
EDGE,W2,19,20,1,1,1
EDGE,W2,19,21,1,1,1
EDGE,W2,19,22,1,1,1
EDGE,W2,19,23,1,1,1
EDGE,W2,19,24,1,1,1
EDGE,W2,19,25,1,1,1
EDGE,W2,19,26,1,1,1
EDGE,W2,19,27,1,1,1
EDGE,W2,19,28,1,1,1
EDGE,W2,19,29,1,1,1
EDGE,W2,19,30,5,51,0
EDGE,W2,19,31,1,1,1
EDGE,W2,19,32,1,1,1
EDGE,W2,19,33,1,1,1
EDGE,W2,19,34,1,1,1
EDGE,W2,19,35,1,1,1
EDGE,W2,19,36,7,71,0
EDGE,W2,19,37,1,1,1
EDGE,W2,19,38,7,71,0
EDGE,W2,20,1,1,1,1
EDGE,W2,20,2,1,1,1
EDGE,W2,20,3,7,71,0
EDGE,W2,20,4,1,1,1
EDGE,W2,20,5,8,81,0
EDGE,W2,20,6,1,1,1
EDGE,W2,20,7,1,1,1
EDGE,W2,20,8,1,1,1
EDGE,W2,20,9,1,1,1
EDGE,W2,20,10,1,1,1
EDGE,W2,20,11,1,1,1
EDGE,W2,20,12,5,51,0
EDGE,W2,20,13,1,1,1
EDGE,W2,20,14,1,1,1
EDGE,W2,20,15,1,1,1
EDGE,W2,20,16,1,1,1
EDGE,W2,20,17,1,1,1
EDGE,W2,20,18,1,1,1
EDGE,W2,20,19,1,1,1
EDGE,W2,20,20,1,1,1
EDGE,W2,20,21,1,1,1
EDGE,W2,20,22,1,1,1
EDGE,W2,20,23,8,81,0
EDGE,W2,20,24,1,1,1
EDGE,W2,20,25,1,1,1
EDGE,W2,20,26,1,1,1
EDGE,W2,20,27,1,1,1
EDGE,W2,20,28,1,1,1
EDGE,W2,20,29,1,1,1
EDGE,W2,20,30,5,51,0
EDGE,W2,20,31,5,51,0
EDGE,W2,20,32,1,1,1
EDGE,W2,20,33,1,1,1
EDGE,W2,20,34,1,1,1
EDGE,W2,20,35,1,1,1
EDGE,W2,20,36,1,1,1
EDGE,W2,20,37,7,71,0
EDGE,W2,20,38,7,71,0
EDGE,W2,21,1,1,1,1
EDGE,W2,21,2,1,1,1
EDGE,W2,21,3,7,71,0
EDGE,W2,21,4,1,1,1
EDGE,W2,21,5,1,1,1
EDGE,W2,21,6,1,1,1
EDGE,W2,21,7,5,51,0
EDGE,W2,21,8,1,1,1
EDGE,W2,21,9,1,1,1
EDGE,W2,21,10,1,1,1
EDGE,W2,21,11,5,51,0
EDGE,W2,21,12,1,1,1
EDGE,W2,21,13,1,1,1
EDGE,W2,21,14,1,1,1
EDGE,W2,21,15,1,1,1
EDGE,W2,21,16,1,1,1
EDGE,W2,21,17,1,1,1
EDGE,W2,21,18,1,1,1
EDGE,W2,21,19,1,1,1
EDGE,W2,21,20,5,51,0
EDGE,W2,21,21,1,1,1
EDGE,W2,21,22,1,1,1
EDGE,W2,21,23,1,1,1
EDGE,W2,21,24,1,1,1
EDGE,W2,21,25,1,1,1
EDGE,W2,21,26,1,1,1
EDGE,W2,21,27,1,1,1
EDGE,W2,21,28,1,1,1
EDGE,W2,21,29,1,1,1
EDGE,W2,21,30,1,1,1
EDGE,W2,21,31,5,51,0
EDGE,W2,21,32,1,1,1
EDGE,W2,21,33,1,1,1
EDGE,W2,21,34,1,1,1
EDGE,W2,21,35,1,1,1
EDGE,W2,21,36,7,71,0
EDGE,W2,21,37,7,71,0
EDGE,W2,21,38,7,71,0
EDGE,W2,22,1,7,71,0
EDGE,W2,22,2,8,81,0
EDGE,W2,22,3,7,71,0
EDGE,W2,22,4,1,1,1
EDGE,W2,22,5,1,1,1
EDGE,W2,22,6,1,1,1
EDGE,W2,22,7,1,1,1
EDGE,W2,22,8,1,1,1
EDGE,W2,22,9,1,1,1
EDGE,W2,22,10,1,1,1
EDGE,W2,22,11,1,1,1
EDGE,W2,22,12,1,1,1
EDGE,W2,22,13,1,1,1
EDGE,W2,22,14,5,51,0
EDGE,W2,22,15,1,1,1
EDGE,W2,22,16,1,1,1
EDGE,W2,22,17,1,1,1
EDGE,W2,22,18,5,51,0
EDGE,W2,22,19,1,1,1
EDGE,W2,22,20,1,1,1
EDGE,W2,22,21,1,1,1
EDGE,W2,22,22,1,1,1
EDGE,W2,22,23,1,1,1
EDGE,W2,22,24,1,1,1
EDGE,W2,22,25,1,1,1
EDGE,W2,22,26,1,1,1
EDGE,W2,22,27,1,1,1
EDGE,W2,22,28,1,1,1
EDGE,W2,22,29,1,1,1
EDGE,W2,22,30,1,1,1
EDGE,W2,22,31,1,1,1
EDGE,W2,22,32,1,1,1
EDGE,W2,22,33,1,1,1
EDGE,W2,22,34,5,51,0
EDGE,W2,22,35,1,1,1
EDGE,W2,22,36,1,1,1
EDGE,W2,22,37,1,1,1
EDGE,W2,22,38,7,71,0
EDGE,W2,23,1,1,1,1
EDGE,W2,23,2,1,1,1
EDGE,W2,23,3,1,1,1
EDGE,W2,23,4,1,1,1
EDGE,W2,23,5,1,1,1
EDGE,W2,23,6,1,1,1
EDGE,W2,23,7,1,1,1
EDGE,W2,23,8,8,81,0
EDGE,W2,23,9,1,1,1
EDGE,W2,23,10,1,1,1
EDGE,W2,23,11,1,1,1
EDGE,W2,23,12,1,1,1
EDGE,W2,23,13,1,1,1
EDGE,W2,23,14,1,1,1
EDGE,W2,23,15,1,1,1
EDGE,W2,23,16,1,1,1
EDGE,W2,23,17,1,1,1
EDGE,W2,23,18,1,1,1
EDGE,W2,23,19,1,1,1
EDGE,W2,23,20,1,1,1
EDGE,W2,23,21,1,1,1
EDGE,W2,23,22,1,1,1
EDGE,W2,23,23,1,1,1
EDGE,W2,23,24,1,1,1
EDGE,W2,23,25,1,1,1
EDGE,W2,23,26,1,1,1
EDGE,W2,23,27,1,1,1
EDGE,W2,23,28,1,1,1
EDGE,W2,23,29,1,1,1
EDGE,W2,23,30,1,1,1
EDGE,W2,23,31,1,1,1
EDGE,W2,23,32,5,51,0
EDGE,W2,23,33,1,1,1
EDGE,W2,23,34,1,1,1
EDGE,W2,23,35,8,81,0
EDGE,W2,23,36,1,1,1
EDGE,W2,23,37,1,1,1
EDGE,W2,23,38,7,71,0
EDGE,W2,24,1,1,1,1
EDGE,W2,24,2,7,71,0
EDGE,W2,24,3,7,71,0
EDGE,W2,24,4,7,71,0
EDGE,W2,24,5,1,1,1
EDGE,W2,24,6,1,1,1
EDGE,W2,24,7,1,1,1
EDGE,W2,24,8,1,1,1
EDGE,W2,24,9,1,1,1
EDGE,W2,24,10,1,1,1
EDGE,W2,24,11,1,1,1
EDGE,W2,24,12,1,1,1
EDGE,W2,24,13,1,1,1
EDGE,W2,24,14,1,1,1
EDGE,W2,24,15,1,1,1
EDGE,W2,24,16,1,1,1
EDGE,W2,24,17,5,51,0
EDGE,W2,24,18,5,51,0
EDGE,W2,24,19,1,1,1
EDGE,W2,24,20,1,1,1
EDGE,W2,24,21,1,1,1
EDGE,W2,24,22,1,1,1
EDGE,W2,24,23,1,1,1
EDGE,W2,24,24,1,1,1
EDGE,W2,24,25,1,1,1
EDGE,W2,24,26,5,51,0
EDGE,W2,24,27,1,1,1
EDGE,W2,24,28,1,1,1
EDGE,W2,24,29,1,1,1
EDGE,W2,24,30,1,1,1
EDGE,W2,24,31,1,1,1
EDGE,W2,24,32,1,1,1
EDGE,W2,24,33,8,81,0
EDGE,W2,24,34,1,1,1
EDGE,W2,24,35,1,1,1
EDGE,W2,24,36,7,71,0
EDGE,W2,24,37,7,71,0
EDGE,W2,24,38,7,71,0
EDGE,W2,25,1,1,1,1
EDGE,W2,25,2,7,71,0
EDGE,W2,25,3,7,71,0
EDGE,W2,25,4,8,81,0
EDGE,W2,25,5,1,1,1
EDGE,W2,25,6,5,51,0
EDGE,W2,25,7,1,1,1
EDGE,W2,25,8,1,1,1
EDGE,W2,25,9,1,1,1
EDGE,W2,25,10,1,1,1
EDGE,W2,25,11,1,1,1
EDGE,W2,25,12,1,1,1
EDGE,W2,25,13,1,1,1
EDGE,W2,25,14,1,1,1
EDGE,W2,25,15,1,1,1
EDGE,W2,25,16,1,1,1
EDGE,W2,25,17,1,1,1
EDGE,W2,25,18,1,1,1
EDGE,W2,25,19,1,1,1
EDGE,W2,25,20,1,1,1
EDGE,W2,25,21,1,1,1
EDGE,W2,25,22,1,1,1
EDGE,W2,25,23,1,1,1
EDGE,W2,25,24,1,1,1
EDGE,W2,25,25,1,1,1
EDGE,W2,25,26,1,1,1
EDGE,W2,25,27,1,1,1
EDGE,W2,25,28,1,1,1
EDGE,W2,25,29,1,1,1
EDGE,W2,25,30,1,1,1
EDGE,W2,25,31,1,1,1
EDGE,W2,25,32,1,1,1
EDGE,W2,25,33,1,1,1
EDGE,W2,25,34,1,1,1
EDGE,W2,25,35,7,71,0
EDGE,W2,25,36,7,71,0
EDGE,W2,25,37,1,1,1
EDGE,W2,25,38,7,71,0
EDGE,W2,26,2,1,1,1
EDGE,W2,26,3,7,71,0
EDGE,W2,26,4,7,71,0
EDGE,W2,26,5,1,1,1
EDGE,W2,26,6,1,1,1
EDGE,W2,26,7,5,51,0
EDGE,W2,26,8,1,1,1
EDGE,W2,26,9,1,1,1
EDGE,W2,26,10,1,1,1
EDGE,W2,26,11,1,1,1
EDGE,W2,26,12,1,1,1
EDGE,W2,26,13,1,1,1
EDGE,W2,26,14,1,1,1
EDGE,W2,26,15,1,1,1
EDGE,W2,26,16,1,1,1
EDGE,W2,26,17,1,1,1
EDGE,W2,26,18,1,1,1
EDGE,W2,26,19,1,1,1
EDGE,W2,26,20,1,1,1
EDGE,W2,26,21,1,1,1
EDGE,W2,26,22,1,1,1
EDGE,W2,26,23,5,51,0
EDGE,W2,26,24,1,1,1
EDGE,W2,26,25,1,1,1
EDGE,W2,26,26,1,1,1
EDGE,W2,26,27,1,1,1
EDGE,W2,26,28,1,1,1
EDGE,W2,26,29,1,1,1
EDGE,W2,26,30,1,1,1
EDGE,W2,26,31,1,1,1
EDGE,W2,26,32,1,1,1
EDGE,W2,26,33,1,1,1
EDGE,W2,26,34,1,1,1
EDGE,W2,26,35,1,1,1
EDGE,W2,26,36,1,1,1
EDGE,W2,26,37,1,1,1
EDGE,W2,27,2,1,1,1
EDGE,W2,27,3,5,51,0
EDGE,W2,27,4,7,71,0
EDGE,W2,27,5,1,1,1
EDGE,W2,27,6,1,1,1
EDGE,W2,27,7,1,1,1
EDGE,W2,27,8,1,1,1
EDGE,W2,27,9,1,1,1
EDGE,W2,27,10,1,1,1
EDGE,W2,27,11,1,1,1
EDGE,W2,27,12,1,1,1
EDGE,W2,27,13,1,1,1
EDGE,W2,27,14,1,1,1
EDGE,W2,27,15,1,1,1
EDGE,W2,27,16,1,1,1
EDGE,W2,27,17,1,1,1
EDGE,W2,27,18,1,1,1
EDGE,W2,27,19,5,51,0
EDGE,W2,27,20,1,1,1
EDGE,W2,27,21,1,1,1
EDGE,W2,27,22,1,1,1
EDGE,W2,27,23,1,1,1
EDGE,W2,27,24,1,1,1
EDGE,W2,27,25,5,51,0
EDGE,W2,27,26,1,1,1
EDGE,W2,27,27,5,51,0
EDGE,W2,27,28,1,1,1
EDGE,W2,27,29,1,1,1
EDGE,W2,27,30,1,1,1
EDGE,W2,27,31,1,1,1
EDGE,W2,27,32,1,1,1
EDGE,W2,27,33,1,1,1
EDGE,W2,27,34,1,1,1
EDGE,W2,27,35,7,71,0
EDGE,W2,27,36,7,71,0
EDGE,W2,27,37,1,1,1
EDGE,W2,28,2,7,71,0
EDGE,W2,28,3,1,1,1
EDGE,W2,28,4,7,71,0
EDGE,W2,28,5,1,1,1
EDGE,W2,28,6,1,1,1
EDGE,W2,28,7,1,1,1
EDGE,W2,28,8,1,1,1
EDGE,W2,28,9,5,51,0
EDGE,W2,28,10,5,51,0
EDGE,W2,28,11,5,51,0
EDGE,W2,28,12,1,1,1
EDGE,W2,28,13,1,1,1
EDGE,W2,28,14,5,51,0
EDGE,W2,28,15,1,1,1
EDGE,W2,28,16,5,51,0
EDGE,W2,28,17,1,1,1
EDGE,W2,28,18,5,51,0
EDGE,W2,28,19,1,1,1
EDGE,W2,28,20,1,1,1
EDGE,W2,28,21,1,1,1
EDGE,W2,28,22,1,1,1
EDGE,W2,28,23,1,1,1
EDGE,W2,28,24,1,1,1
EDGE,W2,28,25,1,1,1
EDGE,W2,28,26,1,1,1
EDGE,W2,28,27,1,1,1
EDGE,W2,28,28,1,1,1
EDGE,W2,28,29,1,1,1
EDGE,W2,28,30,1,1,1
EDGE,W2,28,31,1,1,1
EDGE,W2,28,32,1,1,1
EDGE,W2,28,33,1,1,1
EDGE,W2,28,34,7,71,0
EDGE,W2,28,35,1,1,1
EDGE,W2,28,36,7,71,0
EDGE,W2,28,37,1,1,1
EDGE,W2,29,3,7,71,0
EDGE,W2,29,4,7,71,0
EDGE,W2,29,5,7,71,0
EDGE,W2,29,6,7,71,0
EDGE,W2,29,7,1,1,1
EDGE,W2,29,8,1,1,1
EDGE,W2,29,9,1,1,1
EDGE,W2,29,10,1,1,1
EDGE,W2,29,11,1,1,1
EDGE,W2,29,12,1,1,1
EDGE,W2,29,13,1,1,1
EDGE,W2,29,14,1,1,1
EDGE,W2,29,15,1,1,1
EDGE,W2,29,16,1,1,1
EDGE,W2,29,17,1,1,1
EDGE,W2,29,18,1,1,1
EDGE,W2,29,19,1,1,1
EDGE,W2,29,20,1,1,1
EDGE,W2,29,21,1,1,1
EDGE,W2,29,22,1,1,1
EDGE,W2,29,23,1,1,1
EDGE,W2,29,24,1,1,1
EDGE,W2,29,25,5,51,0
EDGE,W2,29,26,5,51,0
EDGE,W2,29,27,1,1,1
EDGE,W2,29,28,5,51,0
EDGE,W2,29,29,1,1,1
EDGE,W2,29,30,1,1,1
EDGE,W2,29,31,1,1,1
EDGE,W2,29,32,1,1,1
EDGE,W2,29,33,5,51,0
EDGE,W2,29,34,7,71,0
EDGE,W2,29,35,5,51,0
EDGE,W2,29,36,7,71,0
EDGE,W2,30,4,7,71,0
EDGE,W2,30,5,7,71,0
EDGE,W2,30,6,1,1,1
EDGE,W2,30,7,7,71,0
EDGE,W2,30,8,1,1,1
EDGE,W2,30,9,1,1,1
EDGE,W2,30,10,1,1,1
EDGE,W2,30,11,1,1,1
EDGE,W2,30,12,1,1,1
EDGE,W2,30,13,1,1,1
EDGE,W2,30,14,1,1,1
EDGE,W2,30,15,1,1,1
EDGE,W2,30,16,1,1,1
EDGE,W2,30,17,1,1,1
EDGE,W2,30,18,1,1,1
EDGE,W2,30,19,1,1,1
EDGE,W2,30,20,1,1,1
EDGE,W2,30,21,1,1,1
EDGE,W2,30,22,1,1,1
EDGE,W2,30,23,1,1,1
EDGE,W2,30,24,1,1,1
EDGE,W2,30,25,1,1,1
EDGE,W2,30,26,1,1,1
EDGE,W2,30,27,1,1,1
EDGE,W2,30,28,1,1,1
EDGE,W2,30,29,1,1,1
EDGE,W2,30,30,1,1,1
EDGE,W2,30,31,1,1,1
EDGE,W2,30,32,1,1,1
EDGE,W2,30,33,1,1,1
EDGE,W2,30,34,1,1,1
EDGE,W2,30,35,1,1,1
EDGE,W2,31,4,1,1,1
EDGE,W2,31,5,7,71,0
EDGE,W2,31,6,1,1,1
EDGE,W2,31,7,1,1,1
EDGE,W2,31,8,1,1,1
EDGE,W2,31,9,1,1,1
EDGE,W2,31,10,1,1,1
EDGE,W2,31,11,1,1,1
EDGE,W2,31,12,1,1,1
EDGE,W2,31,13,1,1,1
EDGE,W2,31,14,1,1,1
EDGE,W2,31,15,1,1,1
EDGE,W2,31,16,1,1,1
EDGE,W2,31,17,1,1,1
EDGE,W2,31,18,1,1,1
EDGE,W2,31,19,1,1,1
EDGE,W2,31,20,1,1,1
EDGE,W2,31,21,1,1,1
EDGE,W2,31,22,1,1,1
EDGE,W2,31,23,1,1,1
EDGE,W2,31,24,1,1,1
EDGE,W2,31,25,1,1,1
EDGE,W2,31,26,1,1,1
EDGE,W2,31,27,1,1,1
EDGE,W2,31,28,8,81,0
EDGE,W2,31,29,1,1,1
EDGE,W2,31,30,1,1,1
EDGE,W2,31,31,1,1,1
EDGE,W2,31,32,7,71,0
EDGE,W2,31,33,7,71,0
EDGE,W2,31,34,7,71,0
EDGE,W2,31,35,1,1,1
EDGE,W2,32,5,1,1,1
EDGE,W2,32,6,1,1,1
EDGE,W2,32,7,1,1,1
EDGE,W2,32,8,7,71,0
EDGE,W2,32,9,1,1,1
EDGE,W2,32,10,1,1,1
EDGE,W2,32,11,8,81,0
EDGE,W2,32,12,5,51,0
EDGE,W2,32,13,1,1,1
EDGE,W2,32,14,1,1,1
EDGE,W2,32,15,1,1,1
EDGE,W2,32,16,5,51,0
EDGE,W2,32,17,1,1,1
EDGE,W2,32,18,1,1,1
EDGE,W2,32,19,1,1,1
EDGE,W2,32,20,1,1,1
EDGE,W2,32,21,1,1,1
EDGE,W2,32,22,1,1,1
EDGE,W2,32,23,1,1,1
EDGE,W2,32,24,1,1,1
EDGE,W2,32,25,1,1,1
EDGE,W2,32,26,5,51,0
EDGE,W2,32,27,1,1,1
EDGE,W2,32,28,1,1,1
EDGE,W2,32,29,1,1,1
EDGE,W2,32,30,1,1,1
EDGE,W2,32,31,1,1,1
EDGE,W2,32,32,1,1,1
EDGE,W2,32,33,7,71,0
EDGE,W2,32,34,1,1,1
EDGE,W2,33,6,7,71,0
EDGE,W2,33,7,7,71,0
EDGE,W2,33,8,7,71,0
EDGE,W2,33,9,7,71,0
EDGE,W2,33,10,1,1,1
EDGE,W2,33,11,1,1,1
EDGE,W2,33,12,1,1,1
EDGE,W2,33,13,1,1,1
EDGE,W2,33,14,1,1,1
EDGE,W2,33,15,1,1,1
EDGE,W2,33,16,1,1,1
EDGE,W2,33,17,1,1,1
EDGE,W2,33,18,1,1,1
EDGE,W2,33,19,5,51,0
EDGE,W2,33,20,1,1,1
EDGE,W2,33,21,1,1,1
EDGE,W2,33,22,1,1,1
EDGE,W2,33,23,1,1,1
EDGE,W2,33,24,1,1,1
EDGE,W2,33,25,1,1,1
EDGE,W2,33,26,1,1,1
EDGE,W2,33,27,1,1,1
EDGE,W2,33,28,1,1,1
EDGE,W2,33,29,1,1,1
EDGE,W2,33,30,7,71,0
EDGE,W2,33,31,1,1,1
EDGE,W2,33,32,7,71,0
EDGE,W2,33,33,7,71,0
EDGE,W2,34,7,7,71,0
EDGE,W2,34,8,7,71,0
EDGE,W2,34,9,1,1,1
EDGE,W2,34,10,1,1,1
EDGE,W2,34,11,1,1,1
EDGE,W2,34,12,7,71,0
EDGE,W2,34,13,1,1,1
EDGE,W2,34,14,1,1,1
EDGE,W2,34,15,5,51,0
EDGE,W2,34,16,1,1,1
EDGE,W2,34,17,1,1,1
EDGE,W2,34,18,1,1,1
EDGE,W2,34,19,1,1,1
EDGE,W2,34,20,1,1,1
EDGE,W2,34,21,1,1,1
EDGE,W2,34,22,1,1,1
EDGE,W2,34,23,1,1,1
EDGE,W2,34,24,1,1,1
EDGE,W2,34,25,5,51,0
EDGE,W2,34,26,1,1,1
EDGE,W2,34,27,1,1,1
EDGE,W2,34,28,7,71,0
EDGE,W2,34,29,7,71,0
EDGE,W2,34,30,7,71,0
EDGE,W2,34,31,1,1,1
EDGE,W2,34,32,1,1,1
EDGE,W2,35,8,1,1,1
EDGE,W2,35,9,1,1,1
EDGE,W2,35,10,7,71,0
EDGE,W2,35,11,7,71,0
EDGE,W2,35,12,5,51,0
EDGE,W2,35,13,1,1,1
EDGE,W2,35,14,7,71,0
EDGE,W2,35,15,7,71,0
EDGE,W2,35,16,1,1,1
EDGE,W2,35,17,1,1,1
EDGE,W2,35,18,5,51,0
EDGE,W2,35,19,1,1,1
EDGE,W2,35,20,1,1,1
EDGE,W2,35,21,1,1,1
EDGE,W2,35,22,8,81,0
EDGE,W2,35,23,1,1,1
EDGE,W2,35,24,7,71,0
EDGE,W2,35,25,1,1,1
EDGE,W2,35,26,7,71,0
EDGE,W2,35,27,1,1,1
EDGE,W2,35,28,1,1,1
EDGE,W2,35,29,1,1,1
EDGE,W2,35,30,7,71,0
EDGE,W2,35,31,7,71,0
EDGE,W2,36,10,7,71,0
EDGE,W2,36,11,1,1,1
EDGE,W2,36,12,7,71,0
EDGE,W2,36,13,1,1,1
EDGE,W2,36,14,1,1,1
EDGE,W2,36,15,7,71,0
EDGE,W2,36,16,7,71,0
EDGE,W2,36,17,7,71,0
EDGE,W2,36,18,7,71,0
EDGE,W2,36,19,7,71,0
EDGE,W2,36,20,7,71,0
EDGE,W2,36,21,7,71,0
EDGE,W2,36,22,1,1,1
EDGE,W2,36,23,8,81,0
EDGE,W2,36,24,1,1,1
EDGE,W2,36,25,1,1,1
EDGE,W2,36,26,1,1,1
EDGE,W2,36,27,1,1,1
EDGE,W2,36,28,1,1,1
EDGE,W2,36,29,7,71,0
EDGE,W2,37,11,1,1,1
EDGE,W2,37,12,5,51,0
EDGE,W2,37,13,7,71,0
EDGE,W2,37,14,1,1,1
EDGE,W2,37,15,7,71,0
EDGE,W2,37,16,7,71,0
EDGE,W2,37,17,1,1,1
EDGE,W2,37,18,7,71,0
EDGE,W2,37,19,1,1,1
EDGE,W2,37,20,1,1,1
EDGE,W2,37,21,7,71,0
EDGE,W2,37,22,1,1,1
EDGE,W2,37,23,1,1,1
EDGE,W2,37,24,7,71,0
EDGE,W2,37,25,7,71,0
EDGE,W2,37,26,7,71,0
EDGE,W2,37,27,7,71,0
EDGE,W2,37,28,1,1,1
EDGE,W2,38,14,1,1,1
EDGE,W2,38,15,7,71,0
EDGE,W2,38,16,5,51,0
EDGE,W2,38,17,1,1,1
EDGE,W2,38,18,7,71,0
EDGE,W2,38,19,7,71,0
EDGE,W2,38,20,1,1,1
EDGE,W2,38,21,7,71,0
EDGE,W2,38,22,1,1,1
EDGE,W2,38,23,1,1,1
EDGE,W2,38,24,1,1,1
EDGE,W2,38,25,7,71,0
SCRT,W1,1,14,1,1,1
SCRT,W1,1,15,1,1,1
SCRT,W1,1,16,1,1,1
SCRT,W1,1,17,1,1,1
SCRT,W1,1,18,1,1,1
SCRT,W1,1,19,1,1,1
SCRT,W1,1,20,1,1,1
SCRT,W1,1,21,5,51,0
SCRT,W1,1,22,8,81,0
SCRT,W1,1,23,1,1,1
SCRT,W1,1,24,1,1,1
SCRT,W1,1,25,1,1,1
SCRT,W1,2,11,1,1,1
SCRT,W1,2,12,1,1,1
SCRT,W1,2,13,1,1,1
SCRT,W1,2,14,1,1,1
SCRT,W1,2,15,5,51,0
SCRT,W1,2,16,1,1,1
SCRT,W1,2,17,5,51,0
SCRT,W1,2,18,1,1,1
SCRT,W1,2,19,1,1,1
SCRT,W1,2,20,1,1,1
SCRT,W1,2,21,1,1,1
SCRT,W1,2,22,1,1,1
SCRT,W1,2,23,1,1,1
SCRT,W1,2,24,1,1,1
SCRT,W1,2,25,1,1,1
SCRT,W1,2,26,5,51,0
SCRT,W1,2,27,9,91,0
SCRT,W1,2,28,1,1,1
SCRT,W1,3,10,1,1,1
SCRT,W1,3,11,1,1,1
SCRT,W1,3,12,1,1,1
SCRT,W1,3,13,1,1,1
SCRT,W1,3,14,1,1,1
SCRT,W1,3,15,1,1,1
SCRT,W1,3,16,1,1,1
SCRT,W1,3,17,1,1,1
SCRT,W1,3,18,1,1,1
SCRT,W1,3,19,1,1,1
SCRT,W1,3,20,1,1,1
SCRT,W1,3,21,1,1,1
SCRT,W1,3,22,1,1,1
SCRT,W1,3,23,1,1,1
SCRT,W1,3,24,1,1,1
SCRT,W1,3,25,1,1,1
SCRT,W1,3,26,9,91,0
SCRT,W1,3,27,9,91,0
SCRT,W1,3,28,1,1,1
SCRT,W1,3,29,1,1,1
SCRT,W1,4,8,1,1,1
SCRT,W1,4,9,1,1,1
SCRT,W1,4,10,1,1,1
SCRT,W1,4,11,1,1,1
SCRT,W1,4,12,1,1,1
SCRT,W1,4,13,1,1,1
SCRT,W1,4,14,1,1,1
SCRT,W1,4,15,1,1,1
SCRT,W1,4,16,1,1,1
SCRT,W1,4,17,8,81,0
SCRT,W1,4,18,1,1,1
SCRT,W1,4,19,1,1,1
SCRT,W1,4,20,1,1,1
SCRT,W1,4,21,1,1,1
SCRT,W1,4,22,1,1,1
SCRT,W1,4,23,1,1,1
SCRT,W1,4,24,1,1,1
SCRT,W1,4,25,1,1,1
SCRT,W1,4,26,9,91,0
SCRT,W1,4,27,1,1,1
SCRT,W1,4,28,8,81,0
SCRT,W1,4,29,1,1,1
SCRT,W1,4,30,5,51,0
SCRT,W1,4,31,1,1,1
SCRT,W1,5,7,1,1,1
SCRT,W1,5,8,1,1,1
SCRT,W1,5,9,1,1,1
SCRT,W1,5,10,1,1,1
SCRT,W1,5,11,1,1,1
SCRT,W1,5,12,1,1,1
SCRT,W1,5,13,5,51,0
SCRT,W1,5,14,1,1,1
SCRT,W1,5,15,1,1,1
SCRT,W1,5,16,1,1,1
SCRT,W1,5,17,1,1,1
SCRT,W1,5,18,1,1,1
SCRT,W1,5,19,1,1,1
SCRT,W1,5,20,5,51,0
SCRT,W1,5,21,1,1,1
SCRT,W1,5,22,1,1,1
SCRT,W1,5,23,1,1,1
SCRT,W1,5,24,1,1,1
SCRT,W1,5,25,1,1,1
SCRT,W1,5,26,1,1,1
SCRT,W1,5,27,1,1,1
SCRT,W1,5,28,1,1,1
SCRT,W1,5,29,1,1,1
SCRT,W1,5,30,1,1,1
SCRT,W1,5,31,1,1,1
SCRT,W1,5,32,1,1,1
SCRT,W1,6,6,1,1,1
SCRT,W1,6,7,1,1,1
SCRT,W1,6,8,1,1,1
SCRT,W1,6,9,1,1,1
SCRT,W1,6,10,1,1,1
SCRT,W1,6,11,1,1,1
SCRT,W1,6,12,1,1,1
SCRT,W1,6,13,1,1,1
SCRT,W1,6,14,1,1,1
SCRT,W1,6,15,1,1,1
SCRT,W1,6,16,1,1,1
SCRT,W1,6,17,1,1,1
SCRT,W1,6,18,1,1,1
SCRT,W1,6,19,1,1,1
SCRT,W1,6,20,1,1,1
SCRT,W1,6,21,1,1,1
SCRT,W1,6,22,1,1,1
SCRT,W1,6,23,1,1,1
SCRT,W1,6,24,1,1,1
SCRT,W1,6,25,9,91,0
SCRT,W1,6,26,9,91,0
SCRT,W1,6,27,1,1,1
SCRT,W1,6,28,1,1,1
SCRT,W1,6,29,1,1,1
SCRT,W1,6,30,1,1,1
SCRT,W1,6,31,1,1,1
SCRT,W1,6,32,1,1,1
SCRT,W1,6,33,1,1,1
SCRT,W1,7,5,1,1,1
SCRT,W1,7,6,1,1,1
SCRT,W1,7,7,1,1,1
SCRT,W1,7,8,1,1,1
SCRT,W1,7,9,1,1,1
SCRT,W1,7,10,1,1,1
SCRT,W1,7,11,1,1,1
SCRT,W1,7,12,1,1,1
SCRT,W1,7,13,1,1,1
SCRT,W1,7,14,1,1,1
SCRT,W1,7,15,1,1,1
SCRT,W1,7,16,1,1,1
SCRT,W1,7,17,1,1,1
SCRT,W1,7,18,1,1,1
SCRT,W1,7,19,1,1,1
SCRT,W1,7,20,1,1,1
SCRT,W1,7,21,1,1,1
SCRT,W1,7,22,1,1,1
SCRT,W1,7,23,1,1,1
SCRT,W1,7,24,1,1,1
SCRT,W1,7,25,9,91,0
SCRT,W1,7,26,9,91,0
SCRT,W1,7,27,1,1,1
SCRT,W1,7,28,1,1,1
SCRT,W1,7,29,1,1,1
SCRT,W1,7,30,1,1,1
SCRT,W1,7,31,1,1,1
SCRT,W1,7,32,1,1,1
SCRT,W1,7,33,1,1,1
SCRT,W1,7,34,1,1,1
SCRT,W1,8,4,1,1,1
SCRT,W1,8,5,1,1,1
SCRT,W1,8,6,1,1,1
SCRT,W1,8,7,1,1,1
SCRT,W1,8,8,1,1,1
SCRT,W1,8,9,1,1,1
SCRT,W1,8,10,1,1,1
SCRT,W1,8,11,1,1,1
SCRT,W1,8,12,1,1,1
SCRT,W1,8,13,1,1,1
SCRT,W1,8,14,1,1,1
SCRT,W1,8,15,1,1,1
SCRT,W1,8,16,1,1,1
SCRT,W1,8,17,1,1,1
SCRT,W1,8,18,1,1,1
SCRT,W1,8,19,1,1,1
SCRT,W1,8,20,1,1,1
SCRT,W1,8,21,1,1,1
SCRT,W1,8,22,5,51,0
SCRT,W1,8,23,1,1,1
SCRT,W1,8,24,1,1,1
SCRT,W1,8,25,9,91,0
SCRT,W1,8,26,9,91,0
SCRT,W1,8,27,1,1,1
SCRT,W1,8,28,1,1,1
SCRT,W1,8,29,1,1,1
SCRT,W1,8,30,1,1,1
SCRT,W1,8,31,1,1,1
SCRT,W1,8,32,1,1,1
SCRT,W1,8,33,1,1,1
SCRT,W1,8,34,1,1,1
SCRT,W1,8,35,1,1,1
SCRT,W1,9,4,1,1,1
SCRT,W1,9,5,1,1,1
SCRT,W1,9,6,1,1,1
SCRT,W1,9,7,1,1,1
SCRT,W1,9,8,1,1,1
SCRT,W1,9,9,1,1,1
SCRT,W1,9,10,1,1,1
SCRT,W1,9,11,1,1,1
SCRT,W1,9,12,1,1,1
SCRT,W1,9,13,1,1,1
SCRT,W1,9,14,1,1,1
SCRT,W1,9,15,1,1,1
SCRT,W1,9,16,1,1,1
SCRT,W1,9,17,1,1,1
SCRT,W1,9,18,1,1,1
SCRT,W1,9,19,1,1,1
SCRT,W1,9,20,1,1,1
SCRT,W1,9,21,1,1,1
SCRT,W1,9,22,1,1,1
SCRT,W1,9,23,1,1,1
SCRT,W1,9,24,1,1,1
SCRT,W1,9,25,9,91,0
SCRT,W1,9,26,9,91,0
SCRT,W1,9,27,1,1,1
SCRT,W1,9,28,1,1,1
SCRT,W1,9,29,1,1,1
SCRT,W1,9,30,1,1,1
SCRT,W1,9,31,1,1,1
SCRT,W1,9,32,1,1,1
SCRT,W1,9,33,1,1,1
SCRT,W1,9,34,1,1,1
SCRT,W1,9,35,5,51,0
SCRT,W1,10,3,1,1,1
SCRT,W1,10,4,1,1,1
SCRT,W1,10,5,1,1,1
SCRT,W1,10,6,1,1,1
SCRT,W1,10,7,1,1,1
SCRT,W1,10,8,1,1,1
SCRT,W1,10,9,1,1,1
SCRT,W1,10,10,1,1,1
SCRT,W1,10,11,1,1,1
SCRT,W1,10,12,1,1,1
SCRT,W1,10,13,1,1,1
SCRT,W1,10,14,1,1,1
SCRT,W1,10,15,1,1,1
SCRT,W1,10,16,1,1,1
SCRT,W1,10,17,1,1,1
SCRT,W1,10,18,1,1,1
SCRT,W1,10,19,1,1,1
SCRT,W1,10,20,1,1,1
SCRT,W1,10,21,1,1,1
SCRT,W1,10,22,1,1,1
SCRT,W1,10,23,1,1,1
SCRT,W1,10,24,8,81,0
SCRT,W1,10,25,9,91,0
SCRT,W1,10,26,1,1,1
SCRT,W1,10,27,1,1,1
SCRT,W1,10,28,1,1,1
SCRT,W1,10,29,1,1,1
SCRT,W1,10,30,1,1,1
SCRT,W1,10,31,8,81,0
SCRT,W1,10,32,1,1,1
SCRT,W1,10,33,1,1,1
SCRT,W1,10,34,1,1,1
SCRT,W1,10,35,1,1,1
SCRT,W1,10,36,1,1,1
SCRT,W1,11,2,1,1,1
SCRT,W1,11,3,1,1,1
SCRT,W1,11,4,1,1,1
SCRT,W1,11,5,1,1,1
SCRT,W1,11,6,1,1,1
SCRT,W1,11,7,1,1,1
SCRT,W1,11,8,1,1,1
SCRT,W1,11,9,1,1,1
SCRT,W1,11,10,1,1,1
SCRT,W1,11,11,1,1,1
SCRT,W1,11,12,1,1,1
SCRT,W1,11,13,1,1,1
SCRT,W1,11,14,5,51,0
SCRT,W1,11,15,1,1,1
SCRT,W1,11,16,1,1,1
SCRT,W1,11,17,1,1,1
SCRT,W1,11,18,1,1,1
SCRT,W1,11,19,1,1,1
SCRT,W1,11,20,1,1,1
SCRT,W1,11,21,1,1,1
SCRT,W1,11,22,1,1,1
SCRT,W1,11,23,5,51,0
SCRT,W1,11,24,9,91,0
SCRT,W1,11,25,9,91,0
SCRT,W1,11,26,1,1,1
SCRT,W1,11,27,1,1,1
SCRT,W1,11,28,1,1,1
SCRT,W1,11,29,1,1,1
SCRT,W1,11,30,1,1,1
SCRT,W1,11,31,1,1,1
SCRT,W1,11,32,1,1,1
SCRT,W1,11,33,1,1,1
SCRT,W1,11,34,1,1,1
SCRT,W1,11,35,1,1,1
SCRT,W1,11,36,1,1,1
SCRT,W1,11,37,1,1,1
SCRT,W1,12,2,1,1,1
SCRT,W1,12,3,1,1,1
SCRT,W1,12,4,1,1,1
SCRT,W1,12,5,1,1,1
SCRT,W1,12,6,1,1,1
SCRT,W1,12,7,1,1,1
SCRT,W1,12,8,1,1,1
SCRT,W1,12,9,1,1,1
SCRT,W1,12,10,5,51,0
SCRT,W1,12,11,1,1,1
SCRT,W1,12,12,1,1,1
SCRT,W1,12,13,1,1,1
SCRT,W1,12,14,1,1,1
SCRT,W1,12,15,1,1,1
SCRT,W1,12,16,1,1,1
SCRT,W1,12,17,1,1,1
SCRT,W1,12,18,1,1,1
SCRT,W1,12,19,1,1,1
SCRT,W1,12,20,1,1,1
SCRT,W1,12,21,1,1,1
SCRT,W1,12,22,1,1,1
SCRT,W1,12,23,1,1,1
SCRT,W1,12,24,9,91,0
SCRT,W1,12,25,9,91,0
SCRT,W1,12,26,1,1,1
SCRT,W1,12,27,1,1,1
SCRT,W1,12,28,1,1,1
SCRT,W1,12,29,1,1,1
SCRT,W1,12,30,1,1,1
SCRT,W1,12,31,1,1,1
SCRT,W1,12,32,1,1,1
SCRT,W1,12,33,1,1,1
SCRT,W1,12,34,1,1,1
SCRT,W1,12,35,1,1,1
SCRT,W1,12,36,1,1,1
SCRT,W1,12,37,5,51,0
SCRT,W1,13,2,1,1,1
SCRT,W1,13,3,1,1,1
SCRT,W1,13,4,1,1,1
SCRT,W1,13,5,1,1,1
SCRT,W1,13,6,1,1,1
SCRT,W1,13,7,1,1,1
SCRT,W1,13,8,1,1,1
SCRT,W1,13,9,1,1,1
SCRT,W1,13,10,5,51,0
SCRT,W1,13,11,1,1,1
SCRT,W1,13,12,1,1,1
SCRT,W1,13,13,5,51,0
SCRT,W1,13,14,1,1,1
SCRT,W1,13,15,1,1,1
SCRT,W1,13,16,1,1,1
SCRT,W1,13,17,8,81,0
SCRT,W1,13,18,5,51,0
SCRT,W1,13,19,1,1,1
SCRT,W1,13,20,1,1,1
SCRT,W1,13,21,1,1,1
SCRT,W1,13,22,1,1,1
SCRT,W1,13,23,1,1,1
SCRT,W1,13,24,9,91,0
SCRT,W1,13,25,9,91,0
SCRT,W1,13,26,1,1,1
SCRT,W1,13,27,1,1,1
SCRT,W1,13,28,1,1,1
SCRT,W1,13,29,1,1,1
SCRT,W1,13,30,1,1,1
SCRT,W1,13,31,1,1,1
SCRT,W1,13,32,1,1,1
SCRT,W1,13,33,1,1,1
SCRT,W1,13,34,1,1,1
SCRT,W1,13,35,1,1,1
SCRT,W1,13,36,1,1,1
SCRT,W1,13,37,1,1,1
SCRT,W1,14,1,1,1,1
SCRT,W1,14,2,1,1,1
SCRT,W1,14,3,5,51,0
SCRT,W1,14,4,1,1,1
SCRT,W1,14,5,1,1,1
SCRT,W1,14,6,1,1,1
SCRT,W1,14,7,1,1,1
SCRT,W1,14,8,1,1,1
SCRT,W1,14,9,1,1,1
SCRT,W1,14,10,1,1,1
SCRT,W1,14,11,1,1,1
SCRT,W1,14,12,1,1,1
SCRT,W1,14,13,1,1,1
SCRT,W1,14,14,1,1,1
SCRT,W1,14,15,1,1,1
SCRT,W1,14,16,1,1,1
SCRT,W1,14,17,1,1,1
SCRT,W1,14,18,1,1,1
SCRT,W1,14,19,1,1,1
SCRT,W1,14,20,1,1,1
SCRT,W1,14,21,1,1,1
SCRT,W1,14,22,1,1,1
SCRT,W1,14,23,1,1,1
SCRT,W1,14,24,9,91,0
SCRT,W1,14,25,9,91,0
SCRT,W1,14,26,5,51,0
SCRT,W1,14,27,1,1,1
SCRT,W1,14,28,1,1,1
SCRT,W1,14,29,1,1,1
SCRT,W1,14,30,1,1,1
SCRT,W1,14,31,1,1,1
SCRT,W1,14,32,1,1,1
SCRT,W1,14,33,1,1,1
SCRT,W1,14,34,1,1,1
SCRT,W1,14,35,1,1,1
SCRT,W1,14,36,1,1,1
SCRT,W1,14,37,1,1,1
SCRT,W1,14,38,1,1,1
SCRT,W1,15,1,5,51,0
SCRT,W1,15,2,1,1,1
SCRT,W1,15,3,1,1,1
SCRT,W1,15,4,1,1,1
SCRT,W1,15,5,1,1,1
SCRT,W1,15,6,5,51,0
SCRT,W1,15,7,5,51,0
SCRT,W1,15,8,1,1,1
SCRT,W1,15,9,1,1,1
SCRT,W1,15,10,1,1,1
SCRT,W1,15,11,1,1,1
SCRT,W1,15,12,1,1,1
SCRT,W1,15,13,1,1,1
SCRT,W1,15,14,1,1,1
SCRT,W1,15,15,1,1,1
SCRT,W1,15,16,1,1,1
SCRT,W1,15,17,1,1,1
SCRT,W1,15,18,1,1,1
SCRT,W1,15,19,1,1,1
SCRT,W1,15,20,1,1,1
SCRT,W1,15,21,1,1,1
SCRT,W1,15,22,1,1,1
SCRT,W1,15,23,1,1,1
SCRT,W1,15,24,9,91,0
SCRT,W1,15,25,1,1,1
SCRT,W1,15,26,1,1,1
SCRT,W1,15,27,1,1,1
SCRT,W1,15,28,1,1,1
SCRT,W1,15,29,1,1,1
SCRT,W1,15,30,1,1,1
SCRT,W1,15,31,1,1,1
SCRT,W1,15,32,1,1,1
SCRT,W1,15,33,1,1,1
SCRT,W1,15,34,1,1,1
SCRT,W1,15,35,8,81,0
SCRT,W1,15,36,1,1,1
SCRT,W1,15,37,1,1,1
SCRT,W1,15,38,1,1,1
SCRT,W1,16,1,1,1,1
SCRT,W1,16,2,1,1,1
SCRT,W1,16,3,1,1,1
SCRT,W1,16,4,1,1,1
SCRT,W1,16,5,1,1,1
SCRT,W1,16,6,1,1,1
SCRT,W1,16,7,1,1,1
SCRT,W1,16,8,8,81,0
SCRT,W1,16,9,1,1,1
SCRT,W1,16,10,1,1,1
SCRT,W1,16,11,1,1,1
SCRT,W1,16,12,1,1,1
SCRT,W1,16,13,1,1,1
SCRT,W1,16,14,5,51,0
SCRT,W1,16,15,1,1,1
SCRT,W1,16,16,1,1,1
SCRT,W1,16,17,1,1,1
SCRT,W1,16,18,1,1,1
SCRT,W1,16,19,1,1,1
SCRT,W1,16,20,1,1,1
SCRT,W1,16,21,1,1,1
SCRT,W1,16,22,1,1,1
SCRT,W1,16,23,1,1,1
SCRT,W1,16,24,9,91,0
SCRT,W1,16,25,1,1,1
SCRT,W1,16,26,5,51,0
SCRT,W1,16,27,1,1,1
SCRT,W1,16,28,1,1,1
SCRT,W1,16,29,1,1,1
SCRT,W1,16,30,5,51,0
SCRT,W1,16,31,1,1,1
SCRT,W1,16,32,1,1,1
SCRT,W1,16,33,1,1,1
SCRT,W1,16,34,1,1,1
SCRT,W1,16,35,5,51,0
SCRT,W1,16,36,5,51,0
SCRT,W1,16,37,1,1,1
SCRT,W1,16,38,1,1,1
SCRT,W1,17,1,1,1,1
SCRT,W1,17,2,1,1,1
SCRT,W1,17,3,1,1,1
SCRT,W1,17,4,1,1,1
SCRT,W1,17,5,5,51,0
SCRT,W1,17,6,1,1,1
SCRT,W1,17,7,1,1,1
SCRT,W1,17,8,1,1,1
SCRT,W1,17,9,1,1,1
SCRT,W1,17,10,1,1,1
SCRT,W1,17,11,5,51,0
SCRT,W1,17,12,1,1,1
SCRT,W1,17,13,1,1,1
SCRT,W1,17,14,1,1,1
SCRT,W1,17,15,1,1,1
SCRT,W1,17,16,1,1,1
SCRT,W1,17,17,5,51,0
SCRT,W1,17,18,1,1,1
SCRT,W1,17,19,1,1,1
SCRT,W1,17,20,1,1,1
SCRT,W1,17,21,1,1,1
SCRT,W1,17,22,8,81,0
SCRT,W1,17,23,9,91,0
SCRT,W1,17,24,9,91,0
SCRT,W1,17,25,1,1,1
SCRT,W1,17,26,1,1,1
SCRT,W1,17,27,1,1,1
SCRT,W1,17,28,1,1,1
SCRT,W1,17,29,1,1,1
SCRT,W1,17,30,1,1,1
SCRT,W1,17,31,1,1,1
SCRT,W1,17,32,1,1,1
SCRT,W1,17,33,1,1,1
SCRT,W1,17,34,1,1,1
SCRT,W1,17,35,1,1,1
SCRT,W1,17,36,1,1,1
SCRT,W1,17,37,1,1,1
SCRT,W1,17,38,1,1,1
SCRT,W1,18,1,1,1,1
SCRT,W1,18,2,1,1,1
SCRT,W1,18,3,1,1,1
SCRT,W1,18,4,1,1,1
SCRT,W1,18,5,1,1,1
SCRT,W1,18,6,1,1,1
SCRT,W1,18,7,1,1,1
SCRT,W1,18,8,1,1,1
SCRT,W1,18,9,1,1,1
SCRT,W1,18,10,1,1,1
SCRT,W1,18,11,5,51,0
SCRT,W1,18,12,1,1,1
SCRT,W1,18,13,1,1,1
SCRT,W1,18,14,1,1,1
SCRT,W1,18,15,1,1,1
SCRT,W1,18,16,5,51,0
SCRT,W1,18,17,1,1,1
SCRT,W1,18,18,5,51,0
SCRT,W1,18,19,1,1,1
SCRT,W1,18,20,1,1,1
SCRT,W1,18,21,5,51,0
SCRT,W1,18,22,1,1,1
SCRT,W1,18,23,9,91,0
SCRT,W1,18,24,9,91,0
SCRT,W1,18,25,1,1,1
SCRT,W1,18,26,1,1,1
SCRT,W1,18,27,1,1,1
SCRT,W1,18,28,1,1,1
SCRT,W1,18,29,1,1,1
SCRT,W1,18,30,1,1,1
SCRT,W1,18,31,1,1,1
SCRT,W1,18,32,1,1,1
SCRT,W1,18,33,1,1,1
SCRT,W1,18,34,1,1,1
SCRT,W1,18,35,1,1,1
SCRT,W1,18,36,1,1,1
SCRT,W1,18,37,1,1,1
SCRT,W1,18,38,1,1,1
SCRT,W1,19,1,1,1,1
SCRT,W1,19,2,1,1,1
SCRT,W1,19,3,1,1,1
SCRT,W1,19,4,1,1,1
SCRT,W1,19,5,1,1,1
SCRT,W1,19,6,1,1,1
SCRT,W1,19,7,1,1,1
SCRT,W1,19,8,1,1,1
SCRT,W1,19,9,1,1,1
SCRT,W1,19,10,1,1,1
SCRT,W1,19,11,1,1,1
SCRT,W1,19,12,5,51,0
SCRT,W1,19,13,1,1,1
SCRT,W1,19,14,1,1,1
SCRT,W1,19,15,1,1,1
SCRT,W1,19,16,1,1,1
SCRT,W1,19,17,1,1,1
SCRT,W1,19,18,1,1,1
SCRT,W1,19,19,1,1,1
SCRT,W1,19,20,1,1,1
SCRT,W1,19,21,1,1,1
SCRT,W1,19,22,8,81,0
SCRT,W1,19,23,1,1,1
SCRT,W1,19,24,9,91,0
SCRT,W1,19,25,1,1,1
SCRT,W1,19,26,8,81,0
SCRT,W1,19,27,1,1,1
SCRT,W1,19,28,1,1,1
SCRT,W1,19,29,1,1,1
SCRT,W1,19,30,1,1,1
SCRT,W1,19,31,1,1,1
SCRT,W1,19,32,1,1,1
SCRT,W1,19,33,1,1,1
SCRT,W1,19,34,1,1,1
SCRT,W1,19,35,1,1,1
SCRT,W1,19,36,1,1,1
SCRT,W1,19,37,1,1,1
SCRT,W1,19,38,1,1,1
SCRT,W1,20,1,1,1,1
SCRT,W1,20,2,5,51,0
SCRT,W1,20,3,1,1,1
SCRT,W1,20,4,1,1,1
SCRT,W1,20,5,1,1,1
SCRT,W1,20,6,1,1,1
SCRT,W1,20,7,5,51,0
SCRT,W1,20,8,1,1,1
SCRT,W1,20,9,8,81,0
SCRT,W1,20,10,1,1,1
SCRT,W1,20,11,1,1,1
SCRT,W1,20,12,1,1,1
SCRT,W1,20,13,1,1,1
SCRT,W1,20,14,1,1,1
SCRT,W1,20,15,1,1,1
SCRT,W1,20,16,1,1,1
SCRT,W1,20,17,1,1,1
SCRT,W1,20,18,1,1,1
SCRT,W1,20,19,1,1,1
SCRT,W1,20,20,1,1,1
SCRT,W1,20,21,1,1,1
SCRT,W1,20,22,1,1,1
SCRT,W1,20,23,9,91,0
SCRT,W1,20,24,1,1,1
SCRT,W1,20,25,1,1,1
SCRT,W1,20,26,1,1,1
SCRT,W1,20,27,1,1,1
SCRT,W1,20,28,1,1,1
SCRT,W1,20,29,1,1,1
SCRT,W1,20,30,1,1,1
SCRT,W1,20,31,1,1,1
SCRT,W1,20,32,1,1,1
SCRT,W1,20,33,1,1,1
SCRT,W1,20,34,1,1,1
SCRT,W1,20,35,1,1,1
SCRT,W1,20,36,1,1,1
SCRT,W1,20,37,1,1,1
SCRT,W1,20,38,1,1,1
SCRT,W1,21,1,1,1,1
SCRT,W1,21,2,1,1,1
SCRT,W1,21,3,1,1,1
SCRT,W1,21,4,1,1,1
SCRT,W1,21,5,1,1,1
SCRT,W1,21,6,1,1,1
SCRT,W1,21,7,5,51,0
SCRT,W1,21,8,8,81,0
SCRT,W1,21,9,1,1,1
SCRT,W1,21,10,1,1,1
SCRT,W1,21,11,1,1,1
SCRT,W1,21,12,1,1,1
SCRT,W1,21,13,1,1,1
SCRT,W1,21,14,1,1,1
SCRT,W1,21,15,1,1,1
SCRT,W1,21,16,8,81,0
SCRT,W1,21,17,1,1,1
SCRT,W1,21,18,1,1,1
SCRT,W1,21,19,5,51,0
SCRT,W1,21,20,1,1,1
SCRT,W1,21,21,1,1,1
SCRT,W1,21,22,1,1,1
SCRT,W1,21,23,9,91,0
SCRT,W1,21,24,1,1,1
SCRT,W1,21,25,5,51,0
SCRT,W1,21,26,1,1,1
SCRT,W1,21,27,1,1,1
SCRT,W1,21,28,1,1,1
SCRT,W1,21,29,8,81,0
SCRT,W1,21,30,1,1,1
SCRT,W1,21,31,1,1,1
SCRT,W1,21,32,1,1,1
SCRT,W1,21,33,1,1,1
SCRT,W1,21,34,1,1,1
SCRT,W1,21,35,1,1,1
SCRT,W1,21,36,1,1,1
SCRT,W1,21,37,1,1,1
SCRT,W1,21,38,1,1,1
SCRT,W1,22,1,1,1,1
SCRT,W1,22,2,1,1,1
SCRT,W1,22,3,5,51,0
SCRT,W1,22,4,1,1,1
SCRT,W1,22,5,1,1,1
SCRT,W1,22,6,1,1,1
SCRT,W1,22,7,1,1,1
SCRT,W1,22,8,1,1,1
SCRT,W1,22,9,1,1,1
SCRT,W1,22,10,1,1,1
SCRT,W1,22,11,1,1,1
SCRT,W1,22,12,1,1,1
SCRT,W1,22,13,1,1,1
SCRT,W1,22,14,1,1,1
SCRT,W1,22,15,1,1,1
SCRT,W1,22,16,1,1,1
SCRT,W1,22,17,1,1,1
SCRT,W1,22,18,1,1,1
SCRT,W1,22,19,1,1,1
SCRT,W1,22,20,1,1,1
SCRT,W1,22,21,1,1,1
SCRT,W1,22,22,9,91,0
SCRT,W1,22,23,9,91,0
SCRT,W1,22,24,5,51,0
SCRT,W1,22,25,1,1,1
SCRT,W1,22,26,1,1,1
SCRT,W1,22,27,1,1,1
SCRT,W1,22,28,5,51,0
SCRT,W1,22,29,1,1,1
SCRT,W1,22,30,8,81,0
SCRT,W1,22,31,1,1,1
SCRT,W1,22,32,1,1,1
SCRT,W1,22,33,1,1,1
SCRT,W1,22,34,1,1,1
SCRT,W1,22,35,1,1,1
SCRT,W1,22,36,1,1,1
SCRT,W1,22,37,1,1,1
SCRT,W1,22,38,1,1,1
SCRT,W1,23,1,5,51,0
SCRT,W1,23,2,1,1,1
SCRT,W1,23,3,1,1,1
SCRT,W1,23,4,1,1,1
SCRT,W1,23,5,1,1,1
SCRT,W1,23,6,1,1,1
SCRT,W1,23,7,1,1,1
SCRT,W1,23,8,1,1,1
SCRT,W1,23,9,1,1,1
SCRT,W1,23,10,1,1,1
SCRT,W1,23,11,1,1,1
SCRT,W1,23,12,1,1,1
SCRT,W1,23,13,1,1,1
SCRT,W1,23,14,1,1,1
SCRT,W1,23,15,1,1,1
SCRT,W1,23,16,1,1,1
SCRT,W1,23,17,1,1,1
SCRT,W1,23,18,1,1,1
SCRT,W1,23,19,1,1,1
SCRT,W1,23,20,1,1,1
SCRT,W1,23,21,1,1,1
SCRT,W1,23,22,9,91,0
SCRT,W1,23,23,9,91,0
SCRT,W1,23,24,1,1,1
SCRT,W1,23,25,1,1,1
SCRT,W1,23,26,1,1,1
SCRT,W1,23,27,1,1,1
SCRT,W1,23,28,1,1,1
SCRT,W1,23,29,1,1,1
SCRT,W1,23,30,1,1,1
SCRT,W1,23,31,1,1,1
SCRT,W1,23,32,1,1,1
SCRT,W1,23,33,1,1,1
SCRT,W1,23,34,1,1,1
SCRT,W1,23,35,1,1,1
SCRT,W1,23,36,1,1,1
SCRT,W1,23,37,1,1,1
SCRT,W1,23,38,8,81,0
SCRT,W1,24,1,1,1,1
SCRT,W1,24,2,1,1,1
SCRT,W1,24,3,8,81,0
SCRT,W1,24,4,1,1,1
SCRT,W1,24,5,5,51,0
SCRT,W1,24,6,1,1,1
SCRT,W1,24,7,1,1,1
SCRT,W1,24,8,1,1,1
SCRT,W1,24,9,1,1,1
SCRT,W1,24,10,1,1,1
SCRT,W1,24,11,1,1,1
SCRT,W1,24,12,1,1,1
SCRT,W1,24,13,1,1,1
SCRT,W1,24,14,1,1,1
SCRT,W1,24,15,1,1,1
SCRT,W1,24,16,1,1,1
SCRT,W1,24,17,1,1,1
SCRT,W1,24,18,1,1,1
SCRT,W1,24,19,1,1,1
SCRT,W1,24,20,8,81,0
SCRT,W1,24,21,1,1,1
SCRT,W1,24,22,9,91,0
SCRT,W1,24,23,9,91,0
SCRT,W1,24,24,1,1,1
SCRT,W1,24,25,1,1,1
SCRT,W1,24,26,1,1,1
SCRT,W1,24,27,1,1,1
SCRT,W1,24,28,1,1,1
SCRT,W1,24,29,1,1,1
SCRT,W1,24,30,1,1,1
SCRT,W1,24,31,1,1,1
SCRT,W1,24,32,5,51,0
SCRT,W1,24,33,1,1,1
SCRT,W1,24,34,1,1,1
SCRT,W1,24,35,1,1,1
SCRT,W1,24,36,1,1,1
SCRT,W1,24,37,1,1,1
SCRT,W1,24,38,1,1,1
SCRT,W1,25,1,1,1,1
SCRT,W1,25,2,1,1,1
SCRT,W1,25,3,5,51,0
SCRT,W1,25,4,1,1,1
SCRT,W1,25,5,1,1,1
SCRT,W1,25,6,1,1,1
SCRT,W1,25,7,1,1,1
SCRT,W1,25,8,1,1,1
SCRT,W1,25,9,8,81,0
SCRT,W1,25,10,1,1,1
SCRT,W1,25,11,1,1,1
SCRT,W1,25,12,1,1,1
SCRT,W1,25,13,1,1,1
SCRT,W1,25,14,1,1,1
SCRT,W1,25,15,1,1,1
SCRT,W1,25,16,1,1,1
SCRT,W1,25,17,1,1,1
SCRT,W1,25,18,1,1,1
SCRT,W1,25,19,1,1,1
SCRT,W1,25,20,1,1,1
SCRT,W1,25,21,1,1,1
SCRT,W1,25,22,9,91,0
SCRT,W1,25,23,1,1,1
SCRT,W1,25,24,1,1,1
SCRT,W1,25,25,1,1,1
SCRT,W1,25,26,1,1,1
SCRT,W1,25,27,1,1,1
SCRT,W1,25,28,1,1,1
SCRT,W1,25,29,1,1,1
SCRT,W1,25,30,1,1,1
SCRT,W1,25,31,5,51,0
SCRT,W1,25,32,1,1,1
SCRT,W1,25,33,1,1,1
SCRT,W1,25,34,1,1,1
SCRT,W1,25,35,1,1,1
SCRT,W1,25,36,1,1,1
SCRT,W1,25,37,1,1,1
SCRT,W1,25,38,1,1,1
SCRT,W1,26,2,1,1,1
SCRT,W1,26,3,1,1,1
SCRT,W1,26,4,1,1,1
SCRT,W1,26,5,1,1,1
SCRT,W1,26,6,1,1,1
SCRT,W1,26,7,1,1,1
SCRT,W1,26,8,1,1,1
SCRT,W1,26,9,1,1,1
SCRT,W1,26,10,1,1,1
SCRT,W1,26,11,1,1,1
SCRT,W1,26,12,5,51,0
SCRT,W1,26,13,1,1,1
SCRT,W1,26,14,1,1,1
SCRT,W1,26,15,1,1,1
SCRT,W1,26,16,1,1,1
SCRT,W1,26,17,1,1,1
SCRT,W1,26,18,1,1,1
SCRT,W1,26,19,1,1,1
SCRT,W1,26,20,1,1,1
SCRT,W1,26,21,1,1,1
SCRT,W1,26,22,9,91,0
SCRT,W1,26,23,1,1,1
SCRT,W1,26,24,1,1,1
SCRT,W1,26,25,1,1,1
SCRT,W1,26,26,8,81,0
SCRT,W1,26,27,1,1,1
SCRT,W1,26,28,1,1,1
SCRT,W1,26,29,1,1,1
SCRT,W1,26,30,1,1,1
SCRT,W1,26,31,1,1,1
SCRT,W1,26,32,1,1,1
SCRT,W1,26,33,1,1,1
SCRT,W1,26,34,1,1,1
SCRT,W1,26,35,1,1,1
SCRT,W1,26,36,1,1,1
SCRT,W1,26,37,1,1,1
SCRT,W1,27,2,1,1,1
SCRT,W1,27,3,1,1,1
SCRT,W1,27,4,1,1,1
SCRT,W1,27,5,1,1,1
SCRT,W1,27,6,1,1,1
SCRT,W1,27,7,1,1,1
SCRT,W1,27,8,1,1,1
SCRT,W1,27,9,1,1,1
SCRT,W1,27,10,1,1,1
SCRT,W1,27,11,1,1,1
SCRT,W1,27,12,1,1,1
SCRT,W1,27,13,1,1,1
SCRT,W1,27,14,1,1,1
SCRT,W1,27,15,1,1,1
SCRT,W1,27,16,1,1,1
SCRT,W1,27,17,1,1,1
SCRT,W1,27,18,1,1,1
SCRT,W1,27,19,1,1,1
SCRT,W1,27,20,1,1,1
SCRT,W1,27,21,9,91,0
SCRT,W1,27,22,9,91,0
SCRT,W1,27,23,1,1,1
SCRT,W1,27,24,1,1,1
SCRT,W1,27,25,1,1,1
SCRT,W1,27,26,1,1,1
SCRT,W1,27,27,8,81,0
SCRT,W1,27,28,1,1,1
SCRT,W1,27,29,1,1,1
SCRT,W1,27,30,1,1,1
SCRT,W1,27,31,1,1,1
SCRT,W1,27,32,1,1,1
SCRT,W1,27,33,1,1,1
SCRT,W1,27,34,1,1,1
SCRT,W1,27,35,1,1,1
SCRT,W1,27,36,1,1,1
SCRT,W1,27,37,1,1,1
SCRT,W1,28,2,1,1,1
SCRT,W1,28,3,1,1,1
SCRT,W1,28,4,1,1,1
SCRT,W1,28,5,5,51,0
SCRT,W1,28,6,1,1,1
SCRT,W1,28,7,1,1,1
SCRT,W1,28,8,5,51,0
SCRT,W1,28,9,1,1,1
SCRT,W1,28,10,1,1,1
SCRT,W1,28,11,1,1,1
SCRT,W1,28,12,1,1,1
SCRT,W1,28,13,1,1,1
SCRT,W1,28,14,5,51,0
SCRT,W1,28,15,1,1,1
SCRT,W1,28,16,1,1,1
SCRT,W1,28,17,1,1,1
SCRT,W1,28,18,5,51,0
SCRT,W1,28,19,1,1,1
SCRT,W1,28,20,8,81,0
SCRT,W1,28,21,5,51,0
SCRT,W1,28,22,9,91,0
SCRT,W1,28,23,1,1,1
SCRT,W1,28,24,5,51,0
SCRT,W1,28,25,1,1,1
SCRT,W1,28,26,1,1,1
SCRT,W1,28,27,1,1,1
SCRT,W1,28,28,1,1,1
SCRT,W1,28,29,1,1,1
SCRT,W1,28,30,1,1,1
SCRT,W1,28,31,1,1,1
SCRT,W1,28,32,1,1,1
SCRT,W1,28,33,1,1,1
SCRT,W1,28,34,1,1,1
SCRT,W1,28,35,1,1,1
SCRT,W1,28,36,1,1,1
SCRT,W1,28,37,1,1,1
SCRT,W1,29,3,1,1,1
SCRT,W1,29,4,1,1,1
SCRT,W1,29,5,1,1,1
SCRT,W1,29,6,5,51,0
SCRT,W1,29,7,1,1,1
SCRT,W1,29,8,1,1,1
SCRT,W1,29,9,1,1,1
SCRT,W1,29,10,1,1,1
SCRT,W1,29,11,1,1,1
SCRT,W1,29,12,1,1,1
SCRT,W1,29,13,1,1,1
SCRT,W1,29,14,5,51,0
SCRT,W1,29,15,1,1,1
SCRT,W1,29,16,1,1,1
SCRT,W1,29,17,1,1,1
SCRT,W1,29,18,1,1,1
SCRT,W1,29,19,1,1,1
SCRT,W1,29,20,1,1,1
SCRT,W1,29,21,9,91,0
SCRT,W1,29,22,9,91,0
SCRT,W1,29,23,5,51,0
SCRT,W1,29,24,1,1,1
SCRT,W1,29,25,1,1,1
SCRT,W1,29,26,1,1,1
SCRT,W1,29,27,1,1,1
SCRT,W1,29,28,1,1,1
SCRT,W1,29,29,1,1,1
SCRT,W1,29,30,1,1,1
SCRT,W1,29,31,1,1,1
SCRT,W1,29,32,8,81,0
SCRT,W1,29,33,1,1,1
SCRT,W1,29,34,1,1,1
SCRT,W1,29,35,1,1,1
SCRT,W1,29,36,1,1,1
SCRT,W1,30,4,1,1,1
SCRT,W1,30,5,1,1,1
SCRT,W1,30,6,1,1,1
SCRT,W1,30,7,1,1,1
SCRT,W1,30,8,1,1,1
SCRT,W1,30,9,1,1,1
SCRT,W1,30,10,1,1,1
SCRT,W1,30,11,1,1,1
SCRT,W1,30,12,1,1,1
SCRT,W1,30,13,1,1,1
SCRT,W1,30,14,5,51,0
SCRT,W1,30,15,1,1,1
SCRT,W1,30,16,5,51,0
SCRT,W1,30,17,1,1,1
SCRT,W1,30,18,1,1,1
SCRT,W1,30,19,1,1,1
SCRT,W1,30,20,1,1,1
SCRT,W1,30,21,9,91,0
SCRT,W1,30,22,1,1,1
SCRT,W1,30,23,1,1,1
SCRT,W1,30,24,1,1,1
SCRT,W1,30,25,1,1,1
SCRT,W1,30,26,1,1,1
SCRT,W1,30,27,8,81,0
SCRT,W1,30,28,1,1,1
SCRT,W1,30,29,1,1,1
SCRT,W1,30,30,1,1,1
SCRT,W1,30,31,1,1,1
SCRT,W1,30,32,1,1,1
SCRT,W1,30,33,1,1,1
SCRT,W1,30,34,1,1,1
SCRT,W1,30,35,1,1,1
SCRT,W1,31,4,1,1,1
SCRT,W1,31,5,1,1,1
SCRT,W1,31,6,1,1,1
SCRT,W1,31,7,1,1,1
SCRT,W1,31,8,1,1,1
SCRT,W1,31,9,1,1,1
SCRT,W1,31,10,1,1,1
SCRT,W1,31,11,1,1,1
SCRT,W1,31,12,1,1,1
SCRT,W1,31,13,1,1,1
SCRT,W1,31,14,1,1,1
SCRT,W1,31,15,1,1,1
SCRT,W1,31,16,1,1,1
SCRT,W1,31,17,1,1,1
SCRT,W1,31,18,1,1,1
SCRT,W1,31,19,1,1,1
SCRT,W1,31,20,1,1,1
SCRT,W1,31,21,9,91,0
SCRT,W1,31,22,1,1,1
SCRT,W1,31,23,1,1,1
SCRT,W1,31,24,5,51,0
SCRT,W1,31,25,1,1,1
SCRT,W1,31,26,1,1,1
SCRT,W1,31,27,5,51,0
SCRT,W1,31,28,1,1,1
SCRT,W1,31,29,1,1,1
SCRT,W1,31,30,1,1,1
SCRT,W1,31,31,1,1,1
SCRT,W1,31,32,8,81,0
SCRT,W1,31,33,1,1,1
SCRT,W1,31,34,1,1,1
SCRT,W1,31,35,1,1,1
SCRT,W1,32,5,1,1,1
SCRT,W1,32,6,1,1,1
SCRT,W1,32,7,1,1,1
SCRT,W1,32,8,1,1,1
SCRT,W1,32,9,1,1,1
SCRT,W1,32,10,1,1,1
SCRT,W1,32,11,1,1,1
SCRT,W1,32,12,1,1,1
SCRT,W1,32,13,1,1,1
SCRT,W1,32,14,1,1,1
SCRT,W1,32,15,5,51,0
SCRT,W1,32,16,1,1,1
SCRT,W1,32,17,1,1,1
SCRT,W1,32,18,1,1,1
SCRT,W1,32,19,1,1,1
SCRT,W1,32,20,9,91,0
SCRT,W1,32,21,9,91,0
SCRT,W1,32,22,1,1,1
SCRT,W1,32,23,1,1,1
SCRT,W1,32,24,1,1,1
SCRT,W1,32,25,1,1,1
SCRT,W1,32,26,1,1,1
SCRT,W1,32,27,1,1,1
SCRT,W1,32,28,1,1,1
SCRT,W1,32,29,5,51,0
SCRT,W1,32,30,1,1,1
SCRT,W1,32,31,1,1,1
SCRT,W1,32,32,1,1,1
SCRT,W1,32,33,8,81,0
SCRT,W1,32,34,1,1,1
SCRT,W1,33,6,1,1,1
SCRT,W1,33,7,1,1,1
SCRT,W1,33,8,1,1,1
SCRT,W1,33,9,1,1,1
SCRT,W1,33,10,1,1,1
SCRT,W1,33,11,1,1,1
SCRT,W1,33,12,1,1,1
SCRT,W1,33,13,1,1,1
SCRT,W1,33,14,5,51,0
SCRT,W1,33,15,1,1,1
SCRT,W1,33,16,1,1,1
SCRT,W1,33,17,1,1,1
SCRT,W1,33,18,1,1,1
SCRT,W1,33,19,1,1,1
SCRT,W1,33,20,9,91,0
SCRT,W1,33,21,1,1,1
SCRT,W1,33,22,1,1,1
SCRT,W1,33,23,1,1,1
SCRT,W1,33,24,1,1,1
SCRT,W1,33,25,1,1,1
SCRT,W1,33,26,1,1,1
SCRT,W1,33,27,1,1,1
SCRT,W1,33,28,1,1,1
SCRT,W1,33,29,1,1,1
SCRT,W1,33,30,5,51,0
SCRT,W1,33,31,1,1,1
SCRT,W1,33,32,5,51,0
SCRT,W1,33,33,1,1,1
SCRT,W1,34,7,1,1,1
SCRT,W1,34,8,1,1,1
SCRT,W1,34,9,1,1,1
SCRT,W1,34,10,1,1,1
SCRT,W1,34,11,1,1,1
SCRT,W1,34,12,1,1,1
SCRT,W1,34,13,1,1,1
SCRT,W1,34,14,1,1,1
SCRT,W1,34,15,1,1,1
SCRT,W1,34,16,1,1,1
SCRT,W1,34,17,1,1,1
SCRT,W1,34,18,1,1,1
SCRT,W1,34,19,1,1,1
SCRT,W1,34,20,1,1,1
SCRT,W1,34,21,9,91,0
SCRT,W1,34,22,1,1,1
SCRT,W1,34,23,1,1,1
SCRT,W1,34,24,5,51,0
SCRT,W1,34,25,1,1,1
SCRT,W1,34,26,1,1,1
SCRT,W1,34,27,1,1,1
SCRT,W1,34,28,1,1,1
SCRT,W1,34,29,1,1,1
SCRT,W1,34,30,1,1,1
SCRT,W1,34,31,1,1,1
SCRT,W1,34,32,1,1,1
SCRT,W1,35,8,1,1,1
SCRT,W1,35,9,5,51,0
SCRT,W1,35,10,1,1,1
SCRT,W1,35,11,1,1,1
SCRT,W1,35,12,1,1,1
SCRT,W1,35,13,1,1,1
SCRT,W1,35,14,1,1,1
SCRT,W1,35,15,1,1,1
SCRT,W1,35,16,1,1,1
SCRT,W1,35,17,1,1,1
SCRT,W1,35,18,1,1,1
SCRT,W1,35,19,1,1,1
SCRT,W1,35,20,9,91,0
SCRT,W1,35,21,1,1,1
SCRT,W1,35,22,1,1,1
SCRT,W1,35,23,1,1,1
SCRT,W1,35,24,1,1,1
SCRT,W1,35,25,1,1,1
SCRT,W1,35,26,1,1,1
SCRT,W1,35,27,1,1,1
SCRT,W1,35,28,1,1,1
SCRT,W1,35,29,1,1,1
SCRT,W1,35,30,5,51,0
SCRT,W1,35,31,1,1,1
SCRT,W1,36,10,1,1,1
SCRT,W1,36,11,1,1,1
SCRT,W1,36,12,1,1,1
SCRT,W1,36,13,1,1,1
SCRT,W1,36,14,1,1,1
SCRT,W1,36,15,1,1,1
SCRT,W1,36,16,1,1,1
SCRT,W1,36,17,1,1,1
SCRT,W1,36,18,1,1,1
SCRT,W1,36,19,1,1,1
SCRT,W1,36,20,9,91,0
SCRT,W1,36,21,1,1,1
SCRT,W1,36,22,1,1,1
SCRT,W1,36,23,1,1,1
SCRT,W1,36,24,1,1,1
SCRT,W1,36,25,1,1,1
SCRT,W1,36,26,1,1,1
SCRT,W1,36,27,1,1,1
SCRT,W1,36,28,1,1,1
SCRT,W1,36,29,1,1,1
SCRT,W1,37,11,1,1,1
SCRT,W1,37,12,1,1,1
SCRT,W1,37,13,1,1,1
SCRT,W1,37,14,1,1,1
SCRT,W1,37,15,1,1,1
SCRT,W1,37,16,1,1,1
SCRT,W1,37,17,8,81,0
SCRT,W1,37,18,1,1,1
SCRT,W1,37,19,9,91,0
SCRT,W1,37,20,9,91,0
SCRT,W1,37,21,1,1,1
SCRT,W1,37,22,1,1,1
SCRT,W1,37,23,1,1,1
SCRT,W1,37,24,1,1,1
SCRT,W1,37,25,1,1,1
SCRT,W1,37,26,1,1,1
SCRT,W1,37,27,1,1,1
SCRT,W1,37,28,1,1,1
SCRT,W1,38,14,5,51,0
SCRT,W1,38,15,5,51,0
SCRT,W1,38,16,1,1,1
SCRT,W1,38,17,1,1,1
SCRT,W1,38,18,1,1,1
SCRT,W1,38,19,9,91,0
SCRT,W1,38,20,9,91,0
SCRT,W1,38,21,1,1,1
SCRT,W1,38,22,1,1,1
SCRT,W1,38,23,5,51,0
SCRT,W1,38,24,1,1,1
SCRT,W1,38,25,1,1,1
CNTR,W1,1,14,1,1,1
CNTR,W1,1,15,1,1,1
CNTR,W1,1,16,1,1,1
CNTR,W1,1,17,1,1,1
CNTR,W1,1,18,1,1,1
CNTR,W1,1,19,1,1,1
CNTR,W1,1,20,5,51,0
CNTR,W1,1,21,1,1,1
CNTR,W1,1,22,5,51,0
CNTR,W1,1,23,1,1,1
CNTR,W1,1,24,1,1,1
CNTR,W1,1,25,1,1,1
CNTR,W1,2,11,1,1,1
CNTR,W1,2,12,1,1,1
CNTR,W1,2,13,1,1,1
CNTR,W1,2,14,1,1,1
CNTR,W1,2,15,1,1,1
CNTR,W1,2,16,1,1,1
CNTR,W1,2,17,1,1,1
CNTR,W1,2,18,5,51,0
CNTR,W1,2,19,1,1,1
CNTR,W1,2,20,1,1,1
CNTR,W1,2,21,1,1,1
CNTR,W1,2,22,1,1,1
CNTR,W1,2,23,1,1,1
CNTR,W1,2,24,8,81,0
CNTR,W1,2,25,1,1,1
CNTR,W1,2,26,1,1,1
CNTR,W1,2,27,1,1,1
CNTR,W1,2,28,1,1,1
CNTR,W1,3,10,1,1,1
CNTR,W1,3,11,1,1,1
CNTR,W1,3,12,1,1,1
CNTR,W1,3,13,1,1,1
CNTR,W1,3,14,1,1,1
CNTR,W1,3,15,1,1,1
CNTR,W1,3,16,1,1,1
CNTR,W1,3,17,1,1,1
CNTR,W1,3,18,1,1,1
CNTR,W1,3,19,1,1,1
CNTR,W1,3,20,1,1,1
CNTR,W1,3,21,1,1,1
CNTR,W1,3,22,1,1,1
CNTR,W1,3,23,1,1,1
CNTR,W1,3,24,1,1,1
CNTR,W1,3,25,1,1,1
CNTR,W1,3,26,1,1,1
CNTR,W1,3,27,1,1,1
CNTR,W1,3,28,1,1,1
CNTR,W1,3,29,1,1,1
CNTR,W1,4,8,1,1,1
CNTR,W1,4,9,1,1,1
CNTR,W1,4,10,5,51,0
CNTR,W1,4,11,1,1,1
CNTR,W1,4,12,1,1,1
CNTR,W1,4,13,1,1,1
CNTR,W1,4,14,1,1,1
CNTR,W1,4,15,5,51,0
CNTR,W1,4,16,1,1,1
CNTR,W1,4,17,1,1,1
CNTR,W1,4,18,1,1,1
CNTR,W1,4,19,1,1,1
CNTR,W1,4,20,1,1,1
CNTR,W1,4,21,1,1,1
CNTR,W1,4,22,1,1,1
CNTR,W1,4,23,1,1,1
CNTR,W1,4,24,1,1,1
CNTR,W1,4,25,1,1,1
CNTR,W1,4,26,1,1,1
CNTR,W1,4,27,1,1,1
CNTR,W1,4,28,1,1,1
CNTR,W1,4,29,1,1,1
CNTR,W1,4,30,1,1,1
CNTR,W1,4,31,1,1,1
CNTR,W1,5,7,1,1,1
CNTR,W1,5,8,1,1,1
CNTR,W1,5,9,1,1,1
CNTR,W1,5,10,1,1,1
CNTR,W1,5,11,1,1,1
CNTR,W1,5,12,1,1,1
CNTR,W1,5,13,1,1,1
CNTR,W1,5,14,1,1,1
CNTR,W1,5,15,1,1,1
CNTR,W1,5,16,1,1,1
CNTR,W1,5,17,1,1,1
CNTR,W1,5,18,1,1,1
CNTR,W1,5,19,1,1,1
CNTR,W1,5,20,1,1,1
CNTR,W1,5,21,1,1,1
CNTR,W1,5,22,1,1,1
CNTR,W1,5,23,1,1,1
CNTR,W1,5,24,1,1,1
CNTR,W1,5,25,1,1,1
CNTR,W1,5,26,1,1,1
CNTR,W1,5,27,1,1,1
CNTR,W1,5,28,1,1,1
CNTR,W1,5,29,1,1,1
CNTR,W1,5,30,1,1,1
CNTR,W1,5,31,1,1,1
CNTR,W1,5,32,1,1,1
CNTR,W1,6,6,1,1,1
CNTR,W1,6,7,8,81,0
CNTR,W1,6,8,1,1,1
CNTR,W1,6,9,1,1,1
CNTR,W1,6,10,1,1,1
CNTR,W1,6,11,1,1,1
CNTR,W1,6,12,5,51,0
CNTR,W1,6,13,1,1,1
CNTR,W1,6,14,1,1,1
CNTR,W1,6,15,1,1,1
CNTR,W1,6,16,1,1,1
CNTR,W1,6,17,1,1,1
CNTR,W1,6,18,1,1,1
CNTR,W1,6,19,1,1,1
CNTR,W1,6,20,1,1,1
CNTR,W1,6,21,1,1,1
CNTR,W1,6,22,1,1,1
CNTR,W1,6,23,1,1,1
CNTR,W1,6,24,1,1,1
CNTR,W1,6,25,1,1,1
CNTR,W1,6,26,1,1,1
CNTR,W1,6,27,1,1,1
CNTR,W1,6,28,5,51,0
CNTR,W1,6,29,1,1,1
CNTR,W1,6,30,1,1,1
CNTR,W1,6,31,1,1,1
CNTR,W1,6,32,1,1,1
CNTR,W1,6,33,1,1,1
CNTR,W1,7,5,1,1,1
CNTR,W1,7,6,1,1,1
CNTR,W1,7,7,1,1,1
CNTR,W1,7,8,1,1,1
CNTR,W1,7,9,1,1,1
CNTR,W1,7,10,1,1,1
CNTR,W1,7,11,1,1,1
CNTR,W1,7,12,1,1,1
CNTR,W1,7,13,1,1,1
CNTR,W1,7,14,1,1,1
CNTR,W1,7,15,1,1,1
CNTR,W1,7,16,5,51,0
CNTR,W1,7,17,1,1,1
CNTR,W1,7,18,1,1,1
CNTR,W1,7,19,1,1,1
CNTR,W1,7,20,1,1,1
CNTR,W1,7,21,1,1,1
CNTR,W1,7,22,1,1,1
CNTR,W1,7,23,1,1,1
CNTR,W1,7,24,8,81,0
CNTR,W1,7,25,1,1,1
CNTR,W1,7,26,5,51,0
CNTR,W1,7,27,1,1,1
CNTR,W1,7,28,1,1,1
CNTR,W1,7,29,1,1,1
CNTR,W1,7,30,1,1,1
CNTR,W1,7,31,1,1,1
CNTR,W1,7,32,1,1,1
CNTR,W1,7,33,1,1,1
CNTR,W1,7,34,1,1,1
CNTR,W1,8,4,1,1,1
CNTR,W1,8,5,1,1,1
CNTR,W1,8,6,1,1,1
CNTR,W1,8,7,1,1,1
CNTR,W1,8,8,1,1,1
CNTR,W1,8,9,1,1,1
CNTR,W1,8,10,1,1,1
CNTR,W1,8,11,1,1,1
CNTR,W1,8,12,1,1,1
CNTR,W1,8,13,1,1,1
CNTR,W1,8,14,1,1,1
CNTR,W1,8,15,5,51,0
CNTR,W1,8,16,1,1,1
CNTR,W1,8,17,1,1,1
CNTR,W1,8,18,1,1,1
CNTR,W1,8,19,8,81,0
CNTR,W1,8,20,1,1,1
CNTR,W1,8,21,1,1,1
CNTR,W1,8,22,1,1,1
CNTR,W1,8,23,1,1,1
CNTR,W1,8,24,5,51,0
CNTR,W1,8,25,1,1,1
CNTR,W1,8,26,1,1,1
CNTR,W1,8,27,1,1,1
CNTR,W1,8,28,1,1,1
CNTR,W1,8,29,1,1,1
CNTR,W1,8,30,1,1,1
CNTR,W1,8,31,1,1,1
CNTR,W1,8,32,1,1,1
CNTR,W1,8,33,1,1,1
CNTR,W1,8,34,5,51,0
CNTR,W1,8,35,1,1,1
CNTR,W1,9,4,1,1,1
CNTR,W1,9,5,1,1,1
CNTR,W1,9,6,1,1,1
CNTR,W1,9,7,1,1,1
CNTR,W1,9,8,1,1,1
CNTR,W1,9,9,1,1,1
CNTR,W1,9,10,1,1,1
CNTR,W1,9,11,1,1,1
CNTR,W1,9,12,1,1,1
CNTR,W1,9,13,1,1,1
CNTR,W1,9,14,1,1,1
CNTR,W1,9,15,1,1,1
CNTR,W1,9,16,1,1,1
CNTR,W1,9,17,1,1,1
CNTR,W1,9,18,1,1,1
CNTR,W1,9,19,1,1,1
CNTR,W1,9,20,8,81,0
CNTR,W1,9,21,1,1,1
CNTR,W1,9,22,1,1,1
CNTR,W1,9,23,1,1,1
CNTR,W1,9,24,1,1,1
CNTR,W1,9,25,1,1,1
CNTR,W1,9,26,5,51,0
CNTR,W1,9,27,1,1,1
CNTR,W1,9,28,1,1,1
CNTR,W1,9,29,1,1,1
CNTR,W1,9,30,1,1,1
CNTR,W1,9,31,1,1,1
CNTR,W1,9,32,1,1,1
CNTR,W1,9,33,1,1,1
CNTR,W1,9,34,1,1,1
CNTR,W1,9,35,1,1,1
CNTR,W1,10,3,1,1,1
CNTR,W1,10,4,8,81,0
CNTR,W1,10,5,1,1,1
CNTR,W1,10,6,1,1,1
CNTR,W1,10,7,8,81,0
CNTR,W1,10,8,1,1,1
CNTR,W1,10,9,1,1,1
CNTR,W1,10,10,1,1,1
CNTR,W1,10,11,1,1,1
CNTR,W1,10,12,1,1,1
CNTR,W1,10,13,1,1,1
CNTR,W1,10,14,1,1,1
CNTR,W1,10,15,1,1,1
CNTR,W1,10,16,5,51,0
CNTR,W1,10,17,1,1,1
CNTR,W1,10,18,1,1,1
CNTR,W1,10,19,1,1,1
CNTR,W1,10,20,1,1,1
CNTR,W1,10,21,1,1,1
CNTR,W1,10,22,1,1,1
CNTR,W1,10,23,5,51,0
CNTR,W1,10,24,5,51,0
CNTR,W1,10,25,1,1,1
CNTR,W1,10,26,1,1,1
CNTR,W1,10,27,1,1,1
CNTR,W1,10,28,1,1,1
CNTR,W1,10,29,1,1,1
CNTR,W1,10,30,1,1,1
CNTR,W1,10,31,1,1,1
CNTR,W1,10,32,1,1,1
CNTR,W1,10,33,1,1,1
CNTR,W1,10,34,5,51,0
CNTR,W1,10,35,1,1,1
CNTR,W1,10,36,1,1,1
CNTR,W1,11,2,1,1,1
CNTR,W1,11,3,1,1,1
CNTR,W1,11,4,1,1,1
CNTR,W1,11,5,1,1,1
CNTR,W1,11,6,8,81,0
CNTR,W1,11,7,1,1,1
CNTR,W1,11,8,1,1,1
CNTR,W1,11,9,1,1,1
CNTR,W1,11,10,1,1,1
CNTR,W1,11,11,1,1,1
CNTR,W1,11,12,1,1,1
CNTR,W1,11,13,1,1,1
CNTR,W1,11,14,1,1,1
CNTR,W1,11,15,1,1,1
CNTR,W1,11,16,1,1,1
CNTR,W1,11,17,1,1,1
CNTR,W1,11,18,1,1,1
CNTR,W1,11,19,1,1,1
CNTR,W1,11,20,1,1,1
CNTR,W1,11,21,1,1,1
CNTR,W1,11,22,1,1,1
CNTR,W1,11,23,1,1,1
CNTR,W1,11,24,1,1,1
CNTR,W1,11,25,1,1,1
CNTR,W1,11,26,1,1,1
CNTR,W1,11,27,1,1,1
CNTR,W1,11,28,1,1,1
CNTR,W1,11,29,1,1,1
CNTR,W1,11,30,1,1,1
CNTR,W1,11,31,1,1,1
CNTR,W1,11,32,1,1,1
CNTR,W1,11,33,1,1,1
CNTR,W1,11,34,8,81,0
CNTR,W1,11,35,1,1,1
CNTR,W1,11,36,1,1,1
CNTR,W1,11,37,1,1,1
CNTR,W1,12,2,1,1,1
CNTR,W1,12,3,1,1,1
CNTR,W1,12,4,1,1,1
CNTR,W1,12,5,1,1,1
CNTR,W1,12,6,1,1,1
CNTR,W1,12,7,1,1,1
CNTR,W1,12,8,1,1,1
CNTR,W1,12,9,1,1,1
CNTR,W1,12,10,1,1,1
CNTR,W1,12,11,1,1,1
CNTR,W1,12,12,1,1,1
CNTR,W1,12,13,1,1,1
CNTR,W1,12,14,1,1,1
CNTR,W1,12,15,8,81,0
CNTR,W1,12,16,1,1,1
CNTR,W1,12,17,1,1,1
CNTR,W1,12,18,1,1,1
CNTR,W1,12,19,1,1,1
CNTR,W1,12,20,1,1,1
CNTR,W1,12,21,1,1,1
CNTR,W1,12,22,1,1,1
CNTR,W1,12,23,1,1,1
CNTR,W1,12,24,1,1,1
CNTR,W1,12,25,1,1,1
CNTR,W1,12,26,1,1,1
CNTR,W1,12,27,1,1,1
CNTR,W1,12,28,1,1,1
CNTR,W1,12,29,1,1,1
CNTR,W1,12,30,1,1,1
CNTR,W1,12,31,1,1,1
CNTR,W1,12,32,1,1,1
CNTR,W1,12,33,1,1,1
CNTR,W1,12,34,1,1,1
CNTR,W1,12,35,1,1,1
CNTR,W1,12,36,1,1,1
CNTR,W1,12,37,1,1,1
CNTR,W1,13,2,5,51,0
CNTR,W1,13,3,1,1,1
CNTR,W1,13,4,1,1,1
CNTR,W1,13,5,1,1,1
CNTR,W1,13,6,1,1,1
CNTR,W1,13,7,1,1,1
CNTR,W1,13,8,1,1,1
CNTR,W1,13,9,1,1,1
CNTR,W1,13,10,1,1,1
CNTR,W1,13,11,1,1,1
CNTR,W1,13,12,1,1,1
CNTR,W1,13,13,1,1,1
CNTR,W1,13,14,1,1,1
CNTR,W1,13,15,5,51,0
CNTR,W1,13,16,1,1,1
CNTR,W1,13,17,1,1,1
CNTR,W1,13,18,1,1,1
CNTR,W1,13,19,1,1,1
CNTR,W1,13,20,1,1,1
CNTR,W1,13,21,1,1,1
CNTR,W1,13,22,1,1,1
CNTR,W1,13,23,1,1,1
CNTR,W1,13,24,1,1,1
CNTR,W1,13,25,8,81,0
CNTR,W1,13,26,1,1,1
CNTR,W1,13,27,1,1,1
CNTR,W1,13,28,1,1,1
CNTR,W1,13,29,1,1,1
CNTR,W1,13,30,5,51,0
CNTR,W1,13,31,1,1,1
CNTR,W1,13,32,1,1,1
CNTR,W1,13,33,1,1,1
CNTR,W1,13,34,1,1,1
CNTR,W1,13,35,5,51,0
CNTR,W1,13,36,1,1,1
CNTR,W1,13,37,1,1,1
CNTR,W1,14,1,1,1,1
CNTR,W1,14,2,1,1,1
CNTR,W1,14,3,5,51,0
CNTR,W1,14,4,1,1,1
CNTR,W1,14,5,5,51,0
CNTR,W1,14,6,1,1,1
CNTR,W1,14,7,1,1,1
CNTR,W1,14,8,5,51,0
CNTR,W1,14,9,1,1,1
CNTR,W1,14,10,1,1,1
CNTR,W1,14,11,1,1,1
CNTR,W1,14,12,1,1,1
CNTR,W1,14,13,1,1,1
CNTR,W1,14,14,1,1,1
CNTR,W1,14,15,1,1,1
CNTR,W1,14,16,1,1,1
CNTR,W1,14,17,1,1,1
CNTR,W1,14,18,5,51,0
CNTR,W1,14,19,1,1,1
CNTR,W1,14,20,1,1,1
CNTR,W1,14,21,1,1,1
CNTR,W1,14,22,1,1,1
CNTR,W1,14,23,1,1,1
CNTR,W1,14,24,1,1,1
CNTR,W1,14,25,1,1,1
CNTR,W1,14,26,1,1,1
CNTR,W1,14,27,8,81,0
CNTR,W1,14,28,1,1,1
CNTR,W1,14,29,1,1,1
CNTR,W1,14,30,1,1,1
CNTR,W1,14,31,1,1,1
CNTR,W1,14,32,5,51,0
CNTR,W1,14,33,1,1,1
CNTR,W1,14,34,1,1,1
CNTR,W1,14,35,1,1,1
CNTR,W1,14,36,1,1,1
CNTR,W1,14,37,1,1,1
CNTR,W1,14,38,1,1,1
CNTR,W1,15,1,1,1,1
CNTR,W1,15,2,5,51,0
CNTR,W1,15,3,1,1,1
CNTR,W1,15,4,1,1,1
CNTR,W1,15,5,1,1,1
CNTR,W1,15,6,1,1,1
CNTR,W1,15,7,8,81,0
CNTR,W1,15,8,1,1,1
CNTR,W1,15,9,1,1,1
CNTR,W1,15,10,1,1,1
CNTR,W1,15,11,1,1,1
CNTR,W1,15,12,1,1,1
CNTR,W1,15,13,1,1,1
CNTR,W1,15,14,5,51,0
CNTR,W1,15,15,1,1,1
CNTR,W1,15,16,1,1,1
CNTR,W1,15,17,1,1,1
CNTR,W1,15,18,6,61,0
CNTR,W1,15,19,1,1,1
CNTR,W1,15,20,6,61,0
CNTR,W1,15,21,6,61,0
CNTR,W1,15,22,1,1,1
CNTR,W1,15,23,1,1,1
CNTR,W1,15,24,1,1,1
CNTR,W1,15,25,1,1,1
CNTR,W1,15,26,1,1,1
CNTR,W1,15,27,1,1,1
CNTR,W1,15,28,1,1,1
CNTR,W1,15,29,1,1,1
CNTR,W1,15,30,1,1,1
CNTR,W1,15,31,1,1,1
CNTR,W1,15,32,1,1,1
CNTR,W1,15,33,1,1,1
CNTR,W1,15,34,1,1,1
CNTR,W1,15,35,1,1,1
CNTR,W1,15,36,1,1,1
CNTR,W1,15,37,5,51,0
CNTR,W1,15,38,1,1,1
CNTR,W1,16,1,1,1,1
CNTR,W1,16,2,1,1,1
CNTR,W1,16,3,1,1,1
CNTR,W1,16,4,1,1,1
CNTR,W1,16,5,8,81,0
CNTR,W1,16,6,1,1,1
CNTR,W1,16,7,1,1,1
CNTR,W1,16,8,1,1,1
CNTR,W1,16,9,8,81,0
CNTR,W1,16,10,1,1,1
CNTR,W1,16,11,5,51,0
CNTR,W1,16,12,1,1,1
CNTR,W1,16,13,8,81,0
CNTR,W1,16,14,1,1,1
CNTR,W1,16,15,1,1,1
CNTR,W1,16,16,6,61,0
CNTR,W1,16,17,6,61,0
CNTR,W1,16,18,1,1,1
CNTR,W1,16,19,6,61,0
CNTR,W1,16,20,1,1,1
CNTR,W1,16,21,1,1,1
CNTR,W1,16,22,6,61,0
CNTR,W1,16,23,6,61,0
CNTR,W1,16,24,1,1,1
CNTR,W1,16,25,1,1,1
CNTR,W1,16,26,1,1,1
CNTR,W1,16,27,1,1,1
CNTR,W1,16,28,5,51,0
CNTR,W1,16,29,1,1,1
CNTR,W1,16,30,1,1,1
CNTR,W1,16,31,8,81,0
CNTR,W1,16,32,1,1,1
CNTR,W1,16,33,1,1,1
CNTR,W1,16,34,1,1,1
CNTR,W1,16,35,1,1,1
CNTR,W1,16,36,1,1,1
CNTR,W1,16,37,1,1,1
CNTR,W1,16,38,1,1,1
CNTR,W1,17,1,1,1,1
CNTR,W1,17,2,1,1,1
CNTR,W1,17,3,1,1,1
CNTR,W1,17,4,1,1,1
CNTR,W1,17,5,1,1,1
CNTR,W1,17,6,1,1,1
CNTR,W1,17,7,8,81,0
CNTR,W1,17,8,1,1,1
CNTR,W1,17,9,1,1,1
CNTR,W1,17,10,1,1,1
CNTR,W1,17,11,1,1,1
CNTR,W1,17,12,1,1,1
CNTR,W1,17,13,1,1,1
CNTR,W1,17,14,1,1,1
CNTR,W1,17,15,1,1,1
CNTR,W1,17,16,1,1,1
CNTR,W1,17,17,1,1,1
CNTR,W1,17,18,6,61,0
CNTR,W1,17,19,6,61,0
CNTR,W1,17,20,1,1,1
CNTR,W1,17,21,1,1,1
CNTR,W1,17,22,1,1,1
CNTR,W1,17,23,1,1,1
CNTR,W1,17,24,1,1,1
CNTR,W1,17,25,5,51,0
CNTR,W1,17,26,1,1,1
CNTR,W1,17,27,1,1,1
CNTR,W1,17,28,8,81,0
CNTR,W1,17,29,1,1,1
CNTR,W1,17,30,1,1,1
CNTR,W1,17,31,1,1,1
CNTR,W1,17,32,1,1,1
CNTR,W1,17,33,5,51,0
CNTR,W1,17,34,1,1,1
CNTR,W1,17,35,1,1,1
CNTR,W1,17,36,5,51,0
CNTR,W1,17,37,1,1,1
CNTR,W1,17,38,1,1,1
CNTR,W1,18,1,1,1,1
CNTR,W1,18,2,1,1,1
CNTR,W1,18,3,1,1,1
CNTR,W1,18,4,1,1,1
CNTR,W1,18,5,8,81,0
CNTR,W1,18,6,1,1,1
CNTR,W1,18,7,1,1,1
CNTR,W1,18,8,1,1,1
CNTR,W1,18,9,1,1,1
CNTR,W1,18,10,1,1,1
CNTR,W1,18,11,1,1,1
CNTR,W1,18,12,8,81,0
CNTR,W1,18,13,1,1,1
CNTR,W1,18,14,1,1,1
CNTR,W1,18,15,6,61,0
CNTR,W1,18,16,1,1,1
CNTR,W1,18,17,6,61,0
CNTR,W1,18,18,6,61,0
CNTR,W1,18,19,1,1,1
CNTR,W1,18,20,6,61,0
CNTR,W1,18,21,6,61,0
CNTR,W1,18,22,1,1,1
CNTR,W1,18,23,1,1,1
CNTR,W1,18,24,6,61,0
CNTR,W1,18,25,1,1,1
CNTR,W1,18,26,1,1,1
CNTR,W1,18,27,1,1,1
CNTR,W1,18,28,5,51,0
CNTR,W1,18,29,1,1,1
CNTR,W1,18,30,1,1,1
CNTR,W1,18,31,1,1,1
CNTR,W1,18,32,1,1,1
CNTR,W1,18,33,1,1,1
CNTR,W1,18,34,1,1,1
CNTR,W1,18,35,5,51,0
CNTR,W1,18,36,1,1,1
CNTR,W1,18,37,5,51,0
CNTR,W1,18,38,1,1,1
CNTR,W1,19,1,1,1,1
CNTR,W1,19,2,1,1,1
CNTR,W1,19,3,1,1,1
CNTR,W1,19,4,1,1,1
CNTR,W1,19,5,1,1,1
CNTR,W1,19,6,5,51,0
CNTR,W1,19,7,1,1,1
CNTR,W1,19,8,1,1,1
CNTR,W1,19,9,1,1,1
CNTR,W1,19,10,1,1,1
CNTR,W1,19,11,1,1,1
CNTR,W1,19,12,5,51,0
CNTR,W1,19,13,1,1,1
CNTR,W1,19,14,1,1,1
CNTR,W1,19,15,1,1,1
CNTR,W1,19,16,1,1,1
CNTR,W1,19,17,1,1,1
CNTR,W1,19,18,6,61,0
CNTR,W1,19,19,1,1,1
CNTR,W1,19,20,6,61,0
CNTR,W1,19,21,6,61,0
CNTR,W1,19,22,6,61,0
CNTR,W1,19,23,6,61,0
CNTR,W1,19,24,1,1,1
CNTR,W1,19,25,1,1,1
CNTR,W1,19,26,1,1,1
CNTR,W1,19,27,1,1,1
CNTR,W1,19,28,1,1,1
CNTR,W1,19,29,1,1,1
CNTR,W1,19,30,1,1,1
CNTR,W1,19,31,1,1,1
CNTR,W1,19,32,1,1,1
CNTR,W1,19,33,1,1,1
CNTR,W1,19,34,1,1,1
CNTR,W1,19,35,1,1,1
CNTR,W1,19,36,1,1,1
CNTR,W1,19,37,1,1,1
CNTR,W1,19,38,5,51,0
CNTR,W1,20,1,1,1,1
CNTR,W1,20,2,1,1,1
CNTR,W1,20,3,5,51,0
CNTR,W1,20,4,5,51,0
CNTR,W1,20,5,1,1,1
CNTR,W1,20,6,1,1,1
CNTR,W1,20,7,1,1,1
CNTR,W1,20,8,1,1,1
CNTR,W1,20,9,1,1,1
CNTR,W1,20,10,1,1,1
CNTR,W1,20,11,1,1,1
CNTR,W1,20,12,1,1,1
CNTR,W1,20,13,1,1,1
CNTR,W1,20,14,1,1,1
CNTR,W1,20,15,6,61,0
CNTR,W1,20,16,6,61,0
CNTR,W1,20,17,6,61,0
CNTR,W1,20,18,1,1,1
CNTR,W1,20,19,1,1,1
CNTR,W1,20,20,6,61,0
CNTR,W1,20,21,5,51,0
CNTR,W1,20,22,6,61,0
CNTR,W1,20,23,1,1,1
CNTR,W1,20,24,6,61,0
CNTR,W1,20,25,1,1,1
CNTR,W1,20,26,1,1,1
CNTR,W1,20,27,1,1,1
CNTR,W1,20,28,1,1,1
CNTR,W1,20,29,1,1,1
CNTR,W1,20,30,1,1,1
CNTR,W1,20,31,1,1,1
CNTR,W1,20,32,1,1,1
CNTR,W1,20,33,1,1,1
CNTR,W1,20,34,1,1,1
CNTR,W1,20,35,1,1,1
CNTR,W1,20,36,1,1,1
CNTR,W1,20,37,1,1,1
CNTR,W1,20,38,1,1,1
CNTR,W1,21,1,1,1,1
CNTR,W1,21,2,1,1,1
CNTR,W1,21,3,1,1,1
CNTR,W1,21,4,1,1,1
CNTR,W1,21,5,1,1,1
CNTR,W1,21,6,1,1,1
CNTR,W1,21,7,1,1,1
CNTR,W1,21,8,5,51,0
CNTR,W1,21,9,1,1,1
CNTR,W1,21,10,1,1,1
CNTR,W1,21,11,1,1,1
CNTR,W1,21,12,1,1,1
CNTR,W1,21,13,1,1,1
CNTR,W1,21,14,1,1,1
CNTR,W1,21,15,1,1,1
CNTR,W1,21,16,1,1,1
CNTR,W1,21,17,6,61,0
CNTR,W1,21,18,6,61,0
CNTR,W1,21,19,1,1,1
CNTR,W1,21,20,6,61,0
CNTR,W1,21,21,6,61,0
CNTR,W1,21,22,1,1,1
CNTR,W1,21,23,6,61,0
CNTR,W1,21,24,6,61,0
CNTR,W1,21,25,1,1,1
CNTR,W1,21,26,1,1,1
CNTR,W1,21,27,1,1,1
CNTR,W1,21,28,1,1,1
CNTR,W1,21,29,1,1,1
CNTR,W1,21,30,1,1,1
CNTR,W1,21,31,1,1,1
CNTR,W1,21,32,1,1,1
CNTR,W1,21,33,1,1,1
CNTR,W1,21,34,1,1,1
CNTR,W1,21,35,1,1,1
CNTR,W1,21,36,1,1,1
CNTR,W1,21,37,1,1,1
CNTR,W1,21,38,1,1,1
CNTR,W1,22,1,1,1,1
CNTR,W1,22,2,1,1,1
CNTR,W1,22,3,1,1,1
CNTR,W1,22,4,1,1,1
CNTR,W1,22,5,1,1,1
CNTR,W1,22,6,1,1,1
CNTR,W1,22,7,1,1,1
CNTR,W1,22,8,1,1,1
CNTR,W1,22,9,1,1,1
CNTR,W1,22,10,1,1,1
CNTR,W1,22,11,1,1,1
CNTR,W1,22,12,1,1,1
CNTR,W1,22,13,1,1,1
CNTR,W1,22,14,1,1,1
CNTR,W1,22,15,6,61,0
CNTR,W1,22,16,6,61,0
CNTR,W1,22,17,8,81,0
CNTR,W1,22,18,8,81,0
CNTR,W1,22,19,6,61,0
CNTR,W1,22,20,6,61,0
CNTR,W1,22,21,1,1,1
CNTR,W1,22,22,5,51,0
CNTR,W1,22,23,6,61,0
CNTR,W1,22,24,6,61,0
CNTR,W1,22,25,8,81,0
CNTR,W1,22,26,1,1,1
CNTR,W1,22,27,1,1,1
CNTR,W1,22,28,1,1,1
CNTR,W1,22,29,5,51,0
CNTR,W1,22,30,1,1,1
CNTR,W1,22,31,1,1,1
CNTR,W1,22,32,1,1,1
CNTR,W1,22,33,1,1,1
CNTR,W1,22,34,1,1,1
CNTR,W1,22,35,1,1,1
CNTR,W1,22,36,1,1,1
CNTR,W1,22,37,1,1,1
CNTR,W1,22,38,1,1,1
CNTR,W1,23,1,1,1,1
CNTR,W1,23,2,1,1,1
CNTR,W1,23,3,1,1,1
CNTR,W1,23,4,1,1,1
CNTR,W1,23,5,1,1,1
CNTR,W1,23,6,1,1,1
CNTR,W1,23,7,1,1,1
CNTR,W1,23,8,1,1,1
CNTR,W1,23,9,1,1,1
CNTR,W1,23,10,1,1,1
CNTR,W1,23,11,1,1,1
CNTR,W1,23,12,1,1,1
CNTR,W1,23,13,1,1,1
CNTR,W1,23,14,1,1,1
CNTR,W1,23,15,1,1,1
CNTR,W1,23,16,6,61,0
CNTR,W1,23,17,6,61,0
CNTR,W1,23,18,6,61,0
CNTR,W1,23,19,6,61,0
CNTR,W1,23,20,6,61,0
CNTR,W1,23,21,1,1,1
CNTR,W1,23,22,6,61,0
CNTR,W1,23,23,6,61,0
CNTR,W1,23,24,1,1,1
CNTR,W1,23,25,1,1,1
CNTR,W1,23,26,1,1,1
CNTR,W1,23,27,1,1,1
CNTR,W1,23,28,1,1,1
CNTR,W1,23,29,5,51,0
CNTR,W1,23,30,1,1,1
CNTR,W1,23,31,1,1,1
CNTR,W1,23,32,1,1,1
CNTR,W1,23,33,1,1,1
CNTR,W1,23,34,1,1,1
CNTR,W1,23,35,5,51,0
CNTR,W1,23,36,1,1,1
CNTR,W1,23,37,5,51,0
CNTR,W1,23,38,1,1,1
CNTR,W1,24,1,1,1,1
CNTR,W1,24,2,1,1,1
CNTR,W1,24,3,1,1,1
CNTR,W1,24,4,5,51,0
CNTR,W1,24,5,1,1,1
CNTR,W1,24,6,1,1,1
CNTR,W1,24,7,1,1,1
CNTR,W1,24,8,1,1,1
CNTR,W1,24,9,1,1,1
CNTR,W1,24,10,1,1,1
CNTR,W1,24,11,1,1,1
CNTR,W1,24,12,1,1,1
CNTR,W1,24,13,1,1,1
CNTR,W1,24,14,1,1,1
CNTR,W1,24,15,1,1,1
CNTR,W1,24,16,1,1,1
CNTR,W1,24,17,1,1,1
CNTR,W1,24,18,6,61,0
CNTR,W1,24,19,1,1,1
CNTR,W1,24,20,6,61,0
CNTR,W1,24,21,6,61,0
CNTR,W1,24,22,1,1,1
CNTR,W1,24,23,1,1,1
CNTR,W1,24,24,1,1,1
CNTR,W1,24,25,1,1,1
CNTR,W1,24,26,1,1,1
CNTR,W1,24,27,1,1,1
CNTR,W1,24,28,1,1,1
CNTR,W1,24,29,1,1,1
CNTR,W1,24,30,1,1,1
CNTR,W1,24,31,1,1,1
CNTR,W1,24,32,1,1,1
CNTR,W1,24,33,1,1,1
CNTR,W1,24,34,1,1,1
CNTR,W1,24,35,1,1,1
CNTR,W1,24,36,1,1,1
CNTR,W1,24,37,1,1,1
CNTR,W1,24,38,5,51,0
CNTR,W1,25,1,1,1,1
CNTR,W1,25,2,1,1,1
CNTR,W1,25,3,1,1,1
CNTR,W1,25,4,1,1,1
CNTR,W1,25,5,1,1,1
CNTR,W1,25,6,1,1,1
CNTR,W1,25,7,1,1,1
CNTR,W1,25,8,1,1,1
CNTR,W1,25,9,1,1,1
CNTR,W1,25,10,1,1,1
CNTR,W1,25,11,1,1,1
CNTR,W1,25,12,1,1,1
CNTR,W1,25,13,1,1,1
CNTR,W1,25,14,1,1,1
CNTR,W1,25,15,1,1,1
CNTR,W1,25,16,1,1,1
CNTR,W1,25,17,1,1,1
CNTR,W1,25,18,1,1,1
CNTR,W1,25,19,1,1,1
CNTR,W1,25,20,1,1,1
CNTR,W1,25,21,1,1,1
CNTR,W1,25,22,1,1,1
CNTR,W1,25,23,1,1,1
CNTR,W1,25,24,1,1,1
CNTR,W1,25,25,1,1,1
CNTR,W1,25,26,1,1,1
CNTR,W1,25,27,1,1,1
CNTR,W1,25,28,1,1,1
CNTR,W1,25,29,1,1,1
CNTR,W1,25,30,1,1,1
CNTR,W1,25,31,1,1,1
CNTR,W1,25,32,5,51,0
CNTR,W1,25,33,1,1,1
CNTR,W1,25,34,1,1,1
CNTR,W1,25,35,1,1,1
CNTR,W1,25,36,1,1,1
CNTR,W1,25,37,1,1,1
CNTR,W1,25,38,1,1,1
CNTR,W1,26,2,1,1,1
CNTR,W1,26,3,1,1,1
CNTR,W1,26,4,1,1,1
CNTR,W1,26,5,1,1,1
CNTR,W1,26,6,1,1,1
CNTR,W1,26,7,1,1,1
CNTR,W1,26,8,5,51,0
CNTR,W1,26,9,1,1,1
CNTR,W1,26,10,1,1,1
CNTR,W1,26,11,5,51,0
CNTR,W1,26,12,1,1,1
CNTR,W1,26,13,1,1,1
CNTR,W1,26,14,5,51,0
CNTR,W1,26,15,1,1,1
CNTR,W1,26,16,1,1,1
CNTR,W1,26,17,5,51,0
CNTR,W1,26,18,8,81,0
CNTR,W1,26,19,8,81,0
CNTR,W1,26,20,8,81,0
CNTR,W1,26,21,1,1,1
CNTR,W1,26,22,1,1,1
CNTR,W1,26,23,1,1,1
CNTR,W1,26,24,1,1,1
CNTR,W1,26,25,1,1,1
CNTR,W1,26,26,1,1,1
CNTR,W1,26,27,1,1,1
CNTR,W1,26,28,1,1,1
CNTR,W1,26,29,1,1,1
CNTR,W1,26,30,1,1,1
CNTR,W1,26,31,8,81,0
CNTR,W1,26,32,1,1,1
CNTR,W1,26,33,1,1,1
CNTR,W1,26,34,1,1,1
CNTR,W1,26,35,1,1,1
CNTR,W1,26,36,1,1,1
CNTR,W1,26,37,1,1,1
CNTR,W1,27,2,1,1,1
CNTR,W1,27,3,1,1,1
CNTR,W1,27,4,1,1,1
CNTR,W1,27,5,5,51,0
CNTR,W1,27,6,5,51,0
CNTR,W1,27,7,1,1,1
CNTR,W1,27,8,1,1,1
CNTR,W1,27,9,1,1,1
CNTR,W1,27,10,1,1,1
CNTR,W1,27,11,1,1,1
CNTR,W1,27,12,1,1,1
CNTR,W1,27,13,1,1,1
CNTR,W1,27,14,1,1,1
CNTR,W1,27,15,1,1,1
CNTR,W1,27,16,1,1,1
CNTR,W1,27,17,1,1,1
CNTR,W1,27,18,1,1,1
CNTR,W1,27,19,1,1,1
CNTR,W1,27,20,1,1,1
CNTR,W1,27,21,1,1,1
CNTR,W1,27,22,1,1,1
CNTR,W1,27,23,1,1,1
CNTR,W1,27,24,1,1,1
CNTR,W1,27,25,1,1,1
CNTR,W1,27,26,1,1,1
CNTR,W1,27,27,1,1,1
CNTR,W1,27,28,1,1,1
CNTR,W1,27,29,1,1,1
CNTR,W1,27,30,1,1,1
CNTR,W1,27,31,1,1,1
CNTR,W1,27,32,1,1,1
CNTR,W1,27,33,1,1,1
CNTR,W1,27,34,1,1,1
CNTR,W1,27,35,1,1,1
CNTR,W1,27,36,1,1,1
CNTR,W1,27,37,1,1,1
CNTR,W1,28,2,1,1,1
CNTR,W1,28,3,1,1,1
CNTR,W1,28,4,5,51,0
CNTR,W1,28,5,1,1,1
CNTR,W1,28,6,1,1,1
CNTR,W1,28,7,1,1,1
CNTR,W1,28,8,1,1,1
CNTR,W1,28,9,1,1,1
CNTR,W1,28,10,1,1,1
CNTR,W1,28,11,1,1,1
CNTR,W1,28,12,1,1,1
CNTR,W1,28,13,1,1,1
CNTR,W1,28,14,1,1,1
CNTR,W1,28,15,1,1,1
CNTR,W1,28,16,1,1,1
CNTR,W1,28,17,1,1,1
CNTR,W1,28,18,1,1,1
CNTR,W1,28,19,1,1,1
CNTR,W1,28,20,1,1,1
CNTR,W1,28,21,1,1,1
CNTR,W1,28,22,1,1,1
CNTR,W1,28,23,1,1,1
CNTR,W1,28,24,1,1,1
CNTR,W1,28,25,5,51,0
CNTR,W1,28,26,1,1,1
CNTR,W1,28,27,1,1,1
CNTR,W1,28,28,1,1,1
CNTR,W1,28,29,1,1,1
CNTR,W1,28,30,1,1,1
CNTR,W1,28,31,1,1,1
CNTR,W1,28,32,1,1,1
CNTR,W1,28,33,1,1,1
CNTR,W1,28,34,8,81,0
CNTR,W1,28,35,1,1,1
CNTR,W1,28,36,1,1,1
CNTR,W1,28,37,1,1,1
CNTR,W1,29,3,1,1,1
CNTR,W1,29,4,1,1,1
CNTR,W1,29,5,1,1,1
CNTR,W1,29,6,1,1,1
CNTR,W1,29,7,1,1,1
CNTR,W1,29,8,5,51,0
CNTR,W1,29,9,1,1,1
CNTR,W1,29,10,8,81,0
CNTR,W1,29,11,1,1,1
CNTR,W1,29,12,1,1,1
CNTR,W1,29,13,1,1,1
CNTR,W1,29,14,1,1,1
CNTR,W1,29,15,1,1,1
CNTR,W1,29,16,1,1,1
CNTR,W1,29,17,1,1,1
CNTR,W1,29,18,1,1,1
CNTR,W1,29,19,1,1,1
CNTR,W1,29,20,1,1,1
CNTR,W1,29,21,1,1,1
CNTR,W1,29,22,1,1,1
CNTR,W1,29,23,1,1,1
CNTR,W1,29,24,1,1,1
CNTR,W1,29,25,1,1,1
CNTR,W1,29,26,1,1,1
CNTR,W1,29,27,1,1,1
CNTR,W1,29,28,5,51,0
CNTR,W1,29,29,8,81,0
CNTR,W1,29,30,1,1,1
CNTR,W1,29,31,1,1,1
CNTR,W1,29,32,1,1,1
CNTR,W1,29,33,1,1,1
CNTR,W1,29,34,1,1,1
CNTR,W1,29,35,1,1,1
CNTR,W1,29,36,1,1,1
CNTR,W1,30,4,1,1,1
CNTR,W1,30,5,1,1,1
CNTR,W1,30,6,1,1,1
CNTR,W1,30,7,1,1,1
CNTR,W1,30,8,5,51,0
CNTR,W1,30,9,1,1,1
CNTR,W1,30,10,1,1,1
CNTR,W1,30,11,1,1,1
CNTR,W1,30,12,1,1,1
CNTR,W1,30,13,1,1,1
CNTR,W1,30,14,1,1,1
CNTR,W1,30,15,1,1,1
CNTR,W1,30,16,1,1,1
CNTR,W1,30,17,1,1,1
CNTR,W1,30,18,1,1,1
CNTR,W1,30,19,5,51,0
CNTR,W1,30,20,1,1,1
CNTR,W1,30,21,1,1,1
CNTR,W1,30,22,1,1,1
CNTR,W1,30,23,1,1,1
CNTR,W1,30,24,1,1,1
CNTR,W1,30,25,8,81,0
CNTR,W1,30,26,1,1,1
CNTR,W1,30,27,1,1,1
CNTR,W1,30,28,1,1,1
CNTR,W1,30,29,1,1,1
CNTR,W1,30,30,1,1,1
CNTR,W1,30,31,5,51,0
CNTR,W1,30,32,1,1,1
CNTR,W1,30,33,1,1,1
CNTR,W1,30,34,1,1,1
CNTR,W1,30,35,1,1,1
CNTR,W1,31,4,1,1,1
CNTR,W1,31,5,1,1,1
CNTR,W1,31,6,1,1,1
CNTR,W1,31,7,5,51,0
CNTR,W1,31,8,1,1,1
CNTR,W1,31,9,1,1,1
CNTR,W1,31,10,1,1,1
CNTR,W1,31,11,1,1,1
CNTR,W1,31,12,1,1,1
CNTR,W1,31,13,1,1,1
CNTR,W1,31,14,1,1,1
CNTR,W1,31,15,1,1,1
CNTR,W1,31,16,1,1,1
CNTR,W1,31,17,8,81,0
CNTR,W1,31,18,1,1,1
CNTR,W1,31,19,1,1,1
CNTR,W1,31,20,1,1,1
CNTR,W1,31,21,1,1,1
CNTR,W1,31,22,1,1,1
CNTR,W1,31,23,1,1,1
CNTR,W1,31,24,1,1,1
CNTR,W1,31,25,1,1,1
CNTR,W1,31,26,1,1,1
CNTR,W1,31,27,1,1,1
CNTR,W1,31,28,1,1,1
CNTR,W1,31,29,1,1,1
CNTR,W1,31,30,1,1,1
CNTR,W1,31,31,5,51,0
CNTR,W1,31,32,1,1,1
CNTR,W1,31,33,8,81,0
CNTR,W1,31,34,8,81,0
CNTR,W1,31,35,1,1,1
CNTR,W1,32,5,1,1,1
CNTR,W1,32,6,5,51,0
CNTR,W1,32,7,1,1,1
CNTR,W1,32,8,1,1,1
CNTR,W1,32,9,1,1,1
CNTR,W1,32,10,1,1,1
CNTR,W1,32,11,1,1,1
CNTR,W1,32,12,1,1,1
CNTR,W1,32,13,1,1,1
CNTR,W1,32,14,1,1,1
CNTR,W1,32,15,1,1,1
CNTR,W1,32,16,1,1,1
CNTR,W1,32,17,1,1,1
CNTR,W1,32,18,1,1,1
CNTR,W1,32,19,5,51,0
CNTR,W1,32,20,1,1,1
CNTR,W1,32,21,8,81,0
CNTR,W1,32,22,1,1,1
CNTR,W1,32,23,1,1,1
CNTR,W1,32,24,8,81,0
CNTR,W1,32,25,8,81,0
CNTR,W1,32,26,1,1,1
CNTR,W1,32,27,1,1,1
CNTR,W1,32,28,1,1,1
CNTR,W1,32,29,1,1,1
CNTR,W1,32,30,1,1,1
CNTR,W1,32,31,1,1,1
CNTR,W1,32,32,1,1,1
CNTR,W1,32,33,1,1,1
CNTR,W1,32,34,1,1,1
CNTR,W1,33,6,8,81,0
CNTR,W1,33,7,5,51,0
CNTR,W1,33,8,1,1,1
CNTR,W1,33,9,1,1,1
CNTR,W1,33,10,1,1,1
CNTR,W1,33,11,1,1,1
CNTR,W1,33,12,1,1,1
CNTR,W1,33,13,1,1,1
CNTR,W1,33,14,1,1,1
CNTR,W1,33,15,1,1,1
CNTR,W1,33,16,5,51,0
CNTR,W1,33,17,1,1,1
CNTR,W1,33,18,1,1,1
CNTR,W1,33,19,1,1,1
CNTR,W1,33,20,1,1,1
CNTR,W1,33,21,1,1,1
CNTR,W1,33,22,1,1,1
CNTR,W1,33,23,1,1,1
CNTR,W1,33,24,1,1,1
CNTR,W1,33,25,1,1,1
CNTR,W1,33,26,1,1,1
CNTR,W1,33,27,1,1,1
CNTR,W1,33,28,1,1,1
CNTR,W1,33,29,1,1,1
CNTR,W1,33,30,1,1,1
CNTR,W1,33,31,1,1,1
CNTR,W1,33,32,1,1,1
CNTR,W1,33,33,1,1,1
CNTR,W1,34,7,1,1,1
CNTR,W1,34,8,5,51,0
CNTR,W1,34,9,1,1,1
CNTR,W1,34,10,8,81,0
CNTR,W1,34,11,1,1,1
CNTR,W1,34,12,8,81,0
CNTR,W1,34,13,1,1,1
CNTR,W1,34,14,1,1,1
CNTR,W1,34,15,1,1,1
CNTR,W1,34,16,1,1,1
CNTR,W1,34,17,1,1,1
CNTR,W1,34,18,1,1,1
CNTR,W1,34,19,1,1,1
CNTR,W1,34,20,1,1,1
CNTR,W1,34,21,1,1,1
CNTR,W1,34,22,1,1,1
CNTR,W1,34,23,1,1,1
CNTR,W1,34,24,1,1,1
CNTR,W1,34,25,1,1,1
CNTR,W1,34,26,1,1,1
CNTR,W1,34,27,1,1,1
CNTR,W1,34,28,1,1,1
CNTR,W1,34,29,1,1,1
CNTR,W1,34,30,1,1,1
CNTR,W1,34,31,1,1,1
CNTR,W1,34,32,1,1,1
CNTR,W1,35,8,1,1,1
CNTR,W1,35,9,1,1,1
CNTR,W1,35,10,1,1,1
CNTR,W1,35,11,1,1,1
CNTR,W1,35,12,1,1,1
CNTR,W1,35,13,1,1,1
CNTR,W1,35,14,1,1,1
CNTR,W1,35,15,1,1,1
CNTR,W1,35,16,1,1,1
CNTR,W1,35,17,1,1,1
CNTR,W1,35,18,1,1,1
CNTR,W1,35,19,1,1,1
CNTR,W1,35,20,1,1,1
CNTR,W1,35,21,1,1,1
CNTR,W1,35,22,1,1,1
CNTR,W1,35,23,1,1,1
CNTR,W1,35,24,1,1,1
CNTR,W1,35,25,1,1,1
CNTR,W1,35,26,1,1,1
CNTR,W1,35,27,1,1,1
CNTR,W1,35,28,1,1,1
CNTR,W1,35,29,1,1,1
CNTR,W1,35,30,1,1,1
CNTR,W1,35,31,1,1,1
CNTR,W1,36,10,1,1,1
CNTR,W1,36,11,1,1,1
CNTR,W1,36,12,1,1,1
CNTR,W1,36,13,1,1,1
CNTR,W1,36,14,1,1,1
CNTR,W1,36,15,5,51,0
CNTR,W1,36,16,1,1,1
CNTR,W1,36,17,1,1,1
CNTR,W1,36,18,1,1,1
CNTR,W1,36,19,1,1,1
CNTR,W1,36,20,1,1,1
CNTR,W1,36,21,1,1,1
CNTR,W1,36,22,1,1,1
CNTR,W1,36,23,8,81,0
CNTR,W1,36,24,1,1,1
CNTR,W1,36,25,1,1,1
CNTR,W1,36,26,1,1,1
CNTR,W1,36,27,1,1,1
CNTR,W1,36,28,5,51,0
CNTR,W1,36,29,1,1,1
CNTR,W1,37,11,1,1,1
CNTR,W1,37,12,1,1,1
CNTR,W1,37,13,1,1,1
CNTR,W1,37,14,1,1,1
CNTR,W1,37,15,1,1,1
CNTR,W1,37,16,1,1,1
CNTR,W1,37,17,1,1,1
CNTR,W1,37,18,1,1,1
CNTR,W1,37,19,1,1,1
CNTR,W1,37,20,1,1,1
CNTR,W1,37,21,1,1,1
CNTR,W1,37,22,1,1,1
CNTR,W1,37,23,1,1,1
CNTR,W1,37,24,1,1,1
CNTR,W1,37,25,5,51,0
CNTR,W1,37,26,1,1,1
CNTR,W1,37,27,1,1,1
CNTR,W1,37,28,1,1,1
CNTR,W1,38,14,1,1,1
CNTR,W1,38,15,1,1,1
CNTR,W1,38,16,1,1,1
CNTR,W1,38,17,8,81,0
CNTR,W1,38,18,1,1,1
CNTR,W1,38,19,5,51,0
CNTR,W1,38,20,1,1,1
CNTR,W1,38,21,1,1,1
CNTR,W1,38,22,1,1,1
CNTR,W1,38,23,1,1,1
CNTR,W1,38,24,1,1,1
CNTR,W1,38,25,1,1,1
